Aahrus	Player	Position	Layup	Dunk	Jumpshot	3PT	Pass	ShotContest	DefenseIQ	Jumping	Seperation	Durability	Stamina	Development	Age	Overall	Player ID	Years Remaining	Money	Position Rank	League Rank
Aahrus	Aahrus Player #2	1	82	78	18	21	27	104	48	89	41	50	69	B	28	55.32	7	3	4	88	610
Aahrus	Aahrus Player #1	2	104	46	5	11	82	85	55	101	73	54	91	B	28	65.07	12	1	6.5	49	289
Aahrus	Aahrus Player #5	3	13	79	104	99	15	24	103	86	92	45	68	C	28	74.30	340	1	11	31	104
Aahrus	Aahrus Player #4	4	51	48	77	81	39	61	71	33	25	49	96	F+	28	57.49	5	1	3	136	533
Aahrus	Wiley Ambrose	5	14	67	99	102	61	80	102	34	86	51	93	C	27	81.14	395	4	22.3	11	31
Aahrus	Center #112	1	60	49	26	34	53	24	46	64	73	46	58	C	28	47.04	584	1	1	163	963
Aahrus	Aahrus Player #8	2	94	53	16	19	20	68	72	64	46	52	54	C	28	49.64	679	1	1	177	851
Aahrus	Small Forward #80	3	93	53	20	22	28	103	5	82	12	47	51	C	28	38.04	654	1	1	242	1278
Aahrus	Fahrenfall Player #12	4	11	24	75	77	64	5	30	5	87	46	56	D+	28	53.87	908	1	1	164	669
Aahrus	Aahrus Player #10	5	25	61	101	99	98	62	30	9	56	45	49	D+	28	66.65	4	1	9.3	64	251
Aahrus	Aahrus Player #6	1	102	64	22	16	25	40	60	49	63	48	49	D+	28	44.04	767	1	1	191	1087
Aahrus	Power Forward #160	2	35	30	27	28	64	72	37	48	46	54	80	C+	28	47.56	1008	1	1	193	935
Aahrus	Small Forward #29	3	67	68	19	16	22	51	64	75	9	53	49	C	28	35.73	1067	1	1	250	1302
Aahrus	Shooting Guard #111	4	16	31	75	75	13	31	57	53	55	52	52	C+	28	51.78	1095	1	1	183	770
Aahrus	Aahrus Player #9	5	20	34	89	85	38	50	53	37	61	52	53	B	28	57.05	745	1	1	124	546
Aeridani	Player	Position	Layup	Dunk	Jumpshot	3PT	Pass	ShotContest	DefenseIQ	Jumping	Seperation	Durability	Stamina	Development	Age	Overall	Player ID	Years Remaining	Money	Position Rank	League Rank
Aeridani	Himi Azumamaro	1	99	79	7	5	40	74	104	100	73	54	96	B	27	66.93	76	2	8.8	21	244
Aeridani	Msenne Prai	2	36	89	36	39	50	95	104	103	77	53	94	C	28	78.75	112	1	9.5	8	51
Aeridani	Nobira Nariaki	3	85	53	64	60	117	29	96	96	83	45	83	C	25	76.13	154	4	20	25	79
Aeridani	Handa Senichi	4	69	18	101	100	91	79	85	29	97	46	78	C	23	85.20	454	4	5.3	5	19
Aeridani	Three Point Masta	5	72	18	96	151	110	73	71	29	105	49	53	C+	28	89.57	321	1	3	4	12
Aeridani	Uemura Tadashi	1	101	97	44	28	44	77	85	96	59	5	50	B	25	64.97	442	1	5	29	293
Aeridani	Sichaizei Sha	2	83	14	49	54	96	71	97	88	65	49	96	D+	26	74.97	271	1	7.6	11	96
Aeridani	Murata Sofu	3	55	47	88	104	18	62	71	99	65	26	52	B	22	69.26	206	1	3.5	51	190
Aeridani	Fihana Jo	4	72	40	102	104	65	80	60	44	100	55	59	B	28	80.65	305	1	12.7	12	36
Aeridani	b 9u	5	51	55	79	81	98	67	67	57	102	45	55	C	28	75.94	190	4	8.5	23	81
Aeridani	Dwab Itsok	1	38	93	19	17	19	95	82	101	56	45	48	D	28	62.01	810	1	2	45	386
Aeridani	Hvanne Takakazu	2	68	104	57	60	55	56	80	104	60	47	62	C	28	68.85	47	4	9.3	29	202
Aeridani	Kawata Hirokazu	3	76	86	66	80	41	60	90	65	66	71	97	C+	22	67.83	6	2	3.4	55	218
Aeridani	Miyoshi Masami	4	47	28	98	99	79	71	92	28	80	48	58	C	23	78.68	364	4	12.5	16	53
Aeridani	Yasutake Yasuoka	5	26	51	83	79	96	96	56	57	73	46	58	C	25	75.37	131	3	16	28	91
Aitessek	Player	Position	Layup	Dunk	Jumpshot	3PT	Pass	ShotContest	DefenseIQ	Jumping	Seperation	Durability	Stamina	Development	Age	Overall	Player ID	Years Remaining	Money	Position Rank	League Rank
Aitessek	Center	1	104	102	42	20	20	91	44	103	66	20	79	D+	28	62.32	-1	1	1	0	0
Aitessek	Power Forward	2	104	96	24	18	45	38	91	98	77	84	74	D+	26	62.95	-1	1	1	0	0
Aitessek	Small Forward	3	37	37	59	27	37	43	99	13	87	80	86	D+	21	56.13	-1	1	1	0	0
Aitessek	Shooting Guard	4	43	37	29	51	22	34	21	11	55	73	71	D+	24	36.09	-1	1	1	0	0
Aitessek	Point Guard	5	32	30	90	73	34	33	28	41	33	71	73	D+	24	47.09	-1	1	1	0	0
Aitessek	Center	1	99	95	41	28	6	103	52	97	56	28	65	D+	27	61.44	-1	1	1	0	0
Aitessek	Power Forward	2	98	104	53	15	61	54	53	88	49	66	85	D+	24	57.91	-1	1	1	0	0
Aitessek	Small Forward	3	22	22	36	41	49	37	62	8	53	91	85	D+	24	43.35	-1	1	1	0	0
Aitessek	Shooting Guard	4	19	18	17	60	17	27	46	15	32	15	77	D+	27	33.60	-1	1	1	0	0
Aitessek	Point Guard	5	20	19	43	48	38	19	31	47	34	85	53	D+	20	35.81	-1	1	1	0	0
Aitessek	Center	1	98	98	18	8	28	76	89	97	39	57	77	D+	27	57.98	-1	1	1	0	0
Aitessek	Power Forward	2	96	96	46	49	59	19	75	56	76	75	73	D+	20	55.84	-1	1	1	0	0
Aitessek	Small Forward	3	52	48	73	40	17	44	26	14	54	31	91	D+	22	42.36	-1	1	1	0	0
Aitessek	Shooting Guard	4	32	33	57	34	17	6	17	54	33	79	79	D+	21	33.45	-1	1	1	0	0
Aitessek	Point Guard	5	14	5	19	14	80	20	32	12	29	59	71	D+	20	33.40	-1	1	1	0	0
Aiyota	Player	Position	Layup	Dunk	Jumpshot	3PT	Pass	ShotContest	DefenseIQ	Jumping	Seperation	Durability	Stamina	Development	Age	Overall	Player ID	Years Remaining	Money	Position Rank	League Rank
Aiyota	Yadingallie	1	97	67	9	6	43	89	103	119	59	49	57	C	24	67.88	15	2	10	18	217
Aiyota	Yombeen	2	82	90	42	38	52	86	82	87	73	53	101	B	27	71.76	0	2	6.4	18	135
Aiyota	Bingarra	3	104	86	103	99	116	88	97	74	117	71	103	C	21	98.54	438	3	15	5	6
Aiyota	Waltoko	4	87	42	101	95	78	93	82	30	59	52	73	D+	21	77.82	439	1	10	20	63
Aiyota	Billingulbut	5	36	42	62	60	147	85	83	54	61	53	46	C+	25	78.53	18	4	13.3	14	55
Aiyota	Boolway	1	103	65	7	6	31	90	78	104	70	71	67	D+	27	63.39	122	2	9.5	36	337
Aiyota	Pranga  	2	97	64	28	29	49	75	68	98	58	52	84	B	23	63.69	1243	2	5	55	325
Aiyota	Aiyota Player #5	3	38	45	90	93	79	91	81	66	64	51	97	D+	28	78.79	244	1	12	16	49
Aiyota	Quartermarra	4	59	86	93	100	47	62	64	36	81	92	48	B	24	70.58	351	2	8.8	47	161
Aiyota	Billingulbut	5	42	33	67	66	104	88	89	18	102	49	62	D+	26	77.17	231	1	8.9	20	72
Aiyota	Yembeane	1	64	62	28	15	24	65	100	77	72	92	58	C+	23	60.54	145	1	1	52	429
Aiyota	Munglegarra	2	33	47	40	43	80	69	71	82	56	88	66	C	25	62.89	571	1	1	67	356
Aiyota	Guooka	3	9	41	96	71	74	58	73	45	63	11	104	C	20	68.95	948	1	2	52	199
Aiyota	Shooting Guard #169	4	104	26	64	59	51	84	88	50	60	51	76	C	28	64.93	461	1	1	82	295
Aiyota	Aiyota Player #2	5	45	27	84	78	109	67	65	37	64	45	101	D+	28	74.62	246	2	3.6	29	99
Antarion	Player	Position	Layup	Dunk	Jumpshot	3PT	Pass	ShotContest	DefenseIQ	Jumping	Seperation	Durability	Stamina	Development	Age	Overall	Player ID	Years Remaining	Money	Position Rank	League Rank
Antarion	Center	1	96	99	7	13	12	93	62	103	100	67	63	D+	26	65.54	-1	1	1	0	0
Antarion	Power Forward	2	59	61	29	25	24	50	40	83	87	25	78	D+	21	55.39	-1	1	1	0	0
Antarion	Small Forward	3	82	84	47	42	30	50	79	36	44	40	45	D+	19	47.00	-1	1	1	0	0
Antarion	Shooting Guard	4	39	43	40	54	7	27	39	12	26	67	62	D+	22	32.46	-1	1	1	0	0
Antarion	Point Guard	5	29	33	63	67	72	34	16	31	48	52	74	D+	23	48.51	-1	1	1	0	0
Antarion	Center	1	98	104	27	9	23	103	42	102	81	27	52	D+	26	62.56	-1	1	1	0	0
Antarion	Power Forward	2	89	92	49	43	27	40	49	62	92	50	48	D+	28	55.29	-1	1	1	0	0
Antarion	Small Forward	3	29	32	90	38	57	42	44	9	22	53	66	D+	20	43.06	-1	1	1	0	0
Antarion	Shooting Guard	4	33	27	44	15	24	34	7	13	65	59	51	D+	18	32.01	-1	1	1	0	0
Antarion	Point Guard	5	11	6	29	40	73	34	7	18	27	56	59	D+	28	34.91	-1	1	1	0	0
Antarion	Center	1	99	101	20	12	7	86	77	98	63	27	87	D+	28	61.83	-1	1	1	0	0
Antarion	Power Forward	2	101	101	10	15	54	63	69	65	55	56	68	D+	23	52.32	-1	1	1	0	0
Antarion	Small Forward	3	67	72	24	53	28	56	62	11	40	52	76	D+	20	41.53	-1	1	1	0	0
Antarion	Shooting Guard	4	22	23	39	38	15	5	12	7	60	8	70	D+	19	30.53	-1	1	1	0	0
Antarion	Point Guard	5	6	6	46	41	28	24	28	21	26	72	56	D+	22	31.26	-1	1	1	0	0
Aovensiiv	Player	Position	Layup	Dunk	Jumpshot	3PT	Pass	ShotContest	DefenseIQ	Jumping	Seperation	Durability	Stamina	Development	Age	Overall	Player ID	Years Remaining	Money	Position Rank	League Rank
Aovensiiv	Center	1	88	94	18	23	5	49	93	104	85	10	68	D+	21	62.74	-1	1	1	0	0
Aovensiiv	Power Forward	2	103	97	53	11	59	80	90	98	44	36	45	D+	20	65.85	-1	1	1	0	0
Aovensiiv	Small Forward	3	45	51	100	43	12	69	64	7	47	20	57	D+	23	50.21	-1	1	1	0	0
Aovensiiv	Shooting Guard	4	49	50	32	46	10	41	36	25	71	38	89	D+	28	41.73	-1	1	1	0	0
Aovensiiv	Point Guard	5	29	30	25	36	64	16	24	24	22	78	93	D+	23	34.19	-1	1	1	0	0
Aovensiiv	Center	1	48	54	22	13	36	69	95	102	51	57	88	D+	24	62.03	-1	1	1	0	0
Aovensiiv	Power Forward	2	87	94	29	16	35	57	67	78	37	92	73	D+	26	51.33	-1	1	1	0	0
Aovensiiv	Small Forward	3	51	46	29	71	44	32	38	14	64	77	94	D+	27	44.87	-1	1	1	0	0
Aovensiiv	Shooting Guard	4	56	58	36	21	23	27	51	24	73	71	84	D+	27	40.25	-1	1	1	0	0
Aovensiiv	Point Guard	5	7	5	53	20	52	20	26	25	22	77	64	D+	20	32.80	-1	1	1	0	0
Aovensiiv	Center	1	99	99	16	19	18	67	102	103	47	73	46	D+	27	59.22	-1	1	1	0	0
Aovensiiv	Power Forward	2	102	102	21	18	34	68	67	55	48	20	62	D+	18	49.76	-1	1	1	0	0
Aovensiiv	Small Forward	3	56	64	57	27	41	53	41	10	51	84	76	D+	24	43.01	-1	1	1	0	0
Aovensiiv	Shooting Guard	4	27	31	25	31	51	15	12	13	55	83	71	D+	18	32.63	-1	1	1	0	0
Aovensiiv	Point Guard	5	20	23	35	38	61	8	29	27	5	6	46	D+	23	30.46	-1	1	1	0	0
Atapwa	Player	Position	Layup	Dunk	Jumpshot	3PT	Pass	ShotContest	DefenseIQ	Jumping	Seperation	Durability	Stamina	Development	Age	Overall	Player ID	Years Remaining	Money	Position Rank	League Rank
Atapwa	Center	1	103	97	68	11	21	92	103	104	92	43	86	D+	28	79.06	-1	1	1	0	0
Atapwa	Power Forward	2	100	104	83	26	69	62	78	61	95	61	56	D+	20	70.04	-1	1	1	0	0
Atapwa	Small Forward	3	73	74	24	19	62	50	94	93	49	28	80	D+	27	55.96	-1	1	1	0	0
Atapwa	Shooting Guard	4	81	81	9	21	17	15	34	37	80	69	66	D+	22	33.42	-1	1	1	0	0
Atapwa	Point Guard	5	7	13	20	54	56	37	22	14	29	84	68	D+	22	35.83	-1	1	1	0	0
Atapwa	Center	1	104	103	34	16	16	85	62	97	70	90	84	D+	22	62.77	-1	1	1	0	0
Atapwa	Power Forward	2	66	66	35	40	53	37	88	100	18	83	70	D+	19	54.70	-1	1	1	0	0
Atapwa	Small Forward	3	89	91	36	73	40	51	66	7	18	53	45	D+	24	40.75	-1	1	1	0	0
Atapwa	Shooting Guard	4	28	30	14	17	33	54	31	24	55	36	57	D+	23	33.37	-1	1	1	0	0
Atapwa	Point Guard	5	30	28	35	17	59	30	51	19	16	22	67	D+	26	35.63	-1	1	1	0	0
Atapwa	Center	1	97	104	23	29	24	52	67	99	99	81	54	D+	25	62.54	-1	1	1	0	0
Atapwa	Power Forward	2	93	93	36	17	16	64	80	62	35	16	69	D+	18	50.84	-1	1	1	0	0
Atapwa	Small Forward	3	65	70	38	20	10	59	41	58	47	89	46	D+	23	40.10	-1	1	1	0	0
Atapwa	Shooting Guard	4	22	20	31	18	13	20	29	28	58	52	84	D+	19	31.73	-1	1	1	0	0
Atapwa	Point Guard	5	25	33	38	6	76	8	26	7	12	57	81	D+	24	30.18	-1	1	1	0	0
Auspikitan	Player	Position	Layup	Dunk	Jumpshot	3PT	Pass	ShotContest	DefenseIQ	Jumping	Seperation	Durability	Stamina	Development	Age	Overall	Player ID	Years Remaining	Money	Position Rank	League Rank
Auspikitan	Teva Gekxakŋi	1	45	91	48	27	39	36	87	89	68	55	65	C	23	60.13	226	1	1.7	56	444
Auspikitan	Eiqe Vokigei	2	83	65	69	77	65	75	99	81	80	30	92	B	26	79.09	166	3	6.4	7	45
Auspikitan	Atakri Kalauni	3	95	88	104	99	98	104	96	78	101	45	92	C+	28	95.53	289	5	25	6	8
Auspikitan	Taneba Nole	4	64	24	102	95	44	81	60	31	56	52	71	D	28	69.01	26	1	2.3	55	194
Auspikitan	Makiaipisi Fana	5	87	54	104	102	84	69	84	37	100	52	82	B	26	82.86	110	2	8.5	8	24
Auspikitan	Biplatza Ifet	1	58	64	32	31	41	49	90	89	45	50	53	C	28	56.11	97	1	1.1	79	579
Auspikitan	Tibiziŋag Ifet	2	99	30	63	64	38	76	95	80	77	46	83	C	28	74.27	258	1	10.4	14	105
Auspikitan	Aseqa Poi	3	41	73	95	103	60	78	68	51	78	53	72	C	23	74.83	319	5	15.8	30	97
Auspikitan	Tekle Doko	4	71	5	95	96	57	31	30	32	93	51	86	C	28	67.51	448	3	6.4	64	226
Auspikitan	Nasi Pindaiabu	5	52	35	92	89	103	41	70	41	58	53	52	D+	28	70.09	23	1	7.4	47	170
Auspikitan	Kipana Nibrit	1	77	103	11	13	26	71	76	79	58	47	46	C+	20	53.59	116	2	4	104	681
Auspikitan	Iveo Vokigei	2	95	93	29	30	35	62	76	85	81	80	81	C+	21	63.89	218	1	2.4	54	320
Auspikitan	Eiqe Gekxakŋi	3	88	70	68	78	50	76	103	62	63	52	90	C+	25	71.52	475	3	8.5	40	141
Auspikitan	Pau Finapeke	4	54	36	56	56	58	49	74	14	78	77	104	B	23	59.45	383	4	3.1	118	465
Auspikitan	Biplatza Gekxakŋi	5	69	20	44	54	94	74	87	96	41	43	56	D+	28	66.98	277	3	3.4	63	241
Barsein	Player	Position	Layup	Dunk	Jumpshot	3PT	Pass	ShotContest	DefenseIQ	Jumping	Seperation	Durability	Stamina	Development	Age	Overall	Player ID	Years Remaining	Money	Position Rank	League Rank
Barsein	Nobira Taki	1	101	88	32	39	40	97	87	101	68	15	75	C	25	71.42	429	3	2	11	145
Barsein	Éxànnecig Hàŕselàn	2	98	60	93	70	33	46	83	104	58	95	66	B+	22	71.14	437	1	5	20	150
Barsein	Uelv Lganne	3	97	81	89	92	99	84	68	22	101	46	47	C+	28	77.77	441	1	22.5	21	64
Barsein	Akamine Naizen	4	50	36	98	98	55	66	89	18	115	52	83	C	25	81.14	170	2	2.6	8	30
Barsein	Okada Sumiteru	5	69	35	80	70	96	70	69	44	101	94	85	D+	22	75.88	335	2	14.6	24	82
Barsein	Alve Sanraku	1	39	61	43	5	15	68	88	88	36	50	61	B	20	54.86	947	1	1	91	629
Barsein	Eto Shunmyo	2	57	41	63	66	80	67	98	71	55	101	73	C+	23	69.65	183	1	6.4	27	180
Barsein	Alve Higashikuni 	3	69	67	55	42	51	56	56	60	61	83	102	C	21	56.77	1236	2	5	113	555
Barsein	Steve Sho	4	48	85	91	90	51	92	86	44	104	42	66	C+	24	80.71	230	2	15	11	35
Barsein	Barsein Player #2	5	63	36	81	81	49	48	47	29	73	45	96	B	28	59.71	779	1	1	109	456
Barsein	Barsein Player #4	1	78	51	34	26	17	45	54	84	63	51	77	C	28	52.09	782	1	1	117	758
Barsein	Onishi Yoshiiku 	2	54	59	39	14	31	78	88	73	80	35	69	C	21	64.73	1210	2	5	51	302
Barsein	Barsein Player #7	3	84	37	94	85	23	43	39	80	11	46	95	C+	28	52.80	146	1	1	145	718
Barsein	Diji Makmero	4	69	27	64	59	69	93	83	44	57	52	58	C+	28	65.16	301	3	4.8	79	287
Barsein	Guvggillmào Nùx́iś	5	63	51	55	63	85	55	44	40	37	23	76	C+	21	56.04	74	2	3	130	581
Bielosia	Player	Position	Layup	Dunk	Jumpshot	3PT	Pass	ShotContest	DefenseIQ	Jumping	Seperation	Durability	Stamina	Development	Age	Overall	Player ID	Years Remaining	Money	Position Rank	League Rank
Bielosia	Lilo Vatthana	1	90	98	28	19	54	57	92	98	52	55	86	C	23	62.16	167	3	7	43	378
Bielosia	Dvinme Player #11	2	97	48	58	63	37	99	75	81	68	49	46	B	28	70.48	362	2	12.5	22	162
Bielosia	Kersok Milan	3	95	37	143	139	89	100	103	13	118	54	68	D	28	99.04	108	4	25	4	4
Bielosia	Keahi Savang	4	83	91	73	72	89	69	93	93	73	74	93	C	26	78.11	416	3	13	18	59
Bielosia	Venniti Flautika	5	20	30	103	100	91	39	71	30	103	51	69	C	28	75.80	3	4	16.3	25	85
Bielosia	Argos Pebek	1	56	76	17	21	38	66	94	60	60	48	103	C	28	57.85	396	2	1.8	69	525
Bielosia	Akamu Phomsouvanh	2	89	103	56	47	47	81	87	57	83	12	92	D+	27	70.21	427	1	2	24	165
Bielosia	Kalani Phanivong	3	43	62	84	100	75	67	57	57	91	84	79	B	21	74.97	480	4	5.8	29	95
Bielosia	Paxathipatai Sengtavisouk	4	93	68	104	95	57	59	63	42	64	64	100	C	24	72.88	98	2	6	32	121
Bielosia	Dude McBeth	5	23	31	98	104	59	13	76	31	29	49	84	D+	28	59.99	343	1	1	106	450
Bielosia	Analu Rattanavongsa	1	64	92	50	8	43	38	93	66	50	9	81	B	24	54.51	316	2	2	93	636
Bielosia	Analu Vatthana	2	89	93	64	46	46	85	82	77	56	62	77	B	25	68.45	37	3	2.3	31	206
Bielosia	Maik Phothisarath	3	66	36	32	39	55	100	85	59	89	81	83	C	21	67.32	184	2	4.5	56	230
Bielosia	Palani Phomsouvanh	4	44	41	75	79	56	87	63	20	92	48	68	C+	25	69.55	27	1	4.2	51	183
Bielosia	Point Guard #9	5	14	43	69	67	64	71	52	22	36	51	47	C+	28	55.22	491	1	1	135	612
Blaist_Blaland	Player	Position	Layup	Dunk	Jumpshot	3PT	Pass	ShotContest	DefenseIQ	Jumping	Seperation	Durability	Stamina	Development	Age	Overall	Player ID	Years Remaining	Money	Position Rank	League Rank
Blaist_Blaland	Kudapa Kaxpa	1	76	45	53	51	25	60	43	89	80	48	62	C	28	60.24	298	1	6.5	53	437
Blaist_Blaland	Blanaxon Player #3	2	54	51	63	61	20	101	63	88	50	52	72	C+	28	67.01	153	2	2	35	238
Blaist_Blaland	Klaxon Nixoka	3	88	102	98	48	92	100	88	97	102	52	80	C	25	88.52	214	3	20.6	8	14
Blaist_Blaland	Lato Ikro	4	104	75	97	103	76	88	65	17	75	59	69	C+	23	77.29	17	3	11	23	70
Blaist_Blaland	Naxto Lizaxium	5	95	9	100	100	86	75	86	26	89	50	83	B	24	81.76	380	3	25	10	27
Blaist_Blaland	Naxnoxsoya Liksov	1	63	95	35	34	44	58	97	70	41	51	93	B	24	58.40	53	1	3.4	64	501
Blaist_Blaland	Uxnax Prokexov	2	78	47	37	37	48	53	70	84	95	53	97	B	25	66.81	181	1	1	38	247
Blaist_Blaland	Blanaxon Player #5	3	95	37	102	98	77	79	85	14	96	45	70	C	28	78.79	325	1	16.5	16	49
Blaist_Blaland	Tixen Prokol	4	84	34	89	90	77	82	68	13	82	54	62	B+	27	74.00	185	3	13.4	31	110
Blaist_Blaland	Blalikki Kiixrit	5	40	20	96	86	89	48	83	40	72	66	93	C+	24	74.39	82	7	12	30	103
Blaist_Blaland	Blanaxon Player #1	1	88	79	31	30	43	92	41	78	47	53	98	B	28	56.64	152	4	5	73	561
Blaist_Blaland	Kolpa Uxyakro	2	83	66	56	63	15	62	56	89	69	54	98	B	22	64.24	412	1	5	52	312
Blaist_Blaland	Kilik Farhje	3	88	88	52	62	88	84	79	84	73	93	67	B	24	72.64	259	4	10.7	35	123
Blaist_Blaland	Naxto Zaxnax	4	43	25	85	74	83	35	75	33	63	45	96	D+	24	66.68	323	2	3.6	70	250
Blaist_Blaland	Lato Naixi	5	60	17	72	66	77	90	69	43	80	52	72	C+	25	70.76	293	1	4	44	157
Bongatar	Player	Position	Layup	Dunk	Jumpshot	3PT	Pass	ShotContest	DefenseIQ	Jumping	Seperation	Durability	Stamina	Development	Age	Overall	Player ID	Years Remaining	Money	Position Rank	League Rank
Bongatar	Shitt Hessar	1	60	99	11	12	33	91	104	90	79	45	53	C	26	67.22	406	2	4	20	235
Bongatar	Bongatar Player #5	2	31	81	23	18	42	98	62	78	72	46	84	D+	28	63.43	585	2	1.5	59	334
Bongatar	Bongatar Player #9	3	10	19	100	102	100	34	34	20	80	49	64	C+	28	65.12	698	1	1	65	288
Bongatar	Barsein Player #9	4	14	21	71	66	58	82	52	8	43	45	64	C+	28	55.66	837	1	1	151	599
Bongatar	Bongatar Player #1	5	38	7	84	82	84	78	45	40	26	47	95	D+	28	65.24	367	2	5.8	74	284
Bongatar	Bongatar Player #2	1	91	82	34	28	19	76	103	60	46	50	57	D+	28	57.16	272	1	1	70	543
Bongatar	Bongatar Player #5	2	31	81	23	18	42	98	62	78	72	46	84	D+	28	63.43	585	2	1.5	59	334
Bongatar	Small Forward #115	3	51	97	50	54	16	70	65	62	79	51	78	C	28	59.11	363	1	2.7	96	471
Bongatar	Lasina Opehi	4	27	32	102	97	39	9	54	6	32	48	68	C+	24	53.08	1111	1	1	174	708
Bongatar	Bongatar Player #12	5	5	31	55	55	61	53	38	13	59	51	53	B	28	48.76	884	1	1	189	890
Bongatar	Hexar Mann	1	65	85	14	5	8	59	87	77	69	101	88	C	26	55.64	645	1	1	87	600
Bongatar	Ydar Iode	2	83	77	46	39	39	87	37	70	49	58	100	C	25	57.34	205	1	1	106	538
Bongatar	Bongatar Player #13	3	9	33	99	95	6	57	10	18	92	53	50	C+	28	54.97	639	1	1	124	623
Bongatar	Hato Senelile	4	58	88	58	54	53	39	56	19	44	50	97	D+	25	50.36	842	1	1	200	822
Bongatar	Point Guard #103	5	31	42	34	30	63	42	45	11	57	50	84	B	28	43.89	958	1	1	232	1098
Czalliso	Player	Position	Layup	Dunk	Jumpshot	3PT	Pass	ShotContest	DefenseIQ	Jumping	Seperation	Durability	Stamina	Development	Age	Overall	Player ID	Years Remaining	Money	Position Rank	League Rank
Czalliso	noe  	1	76	50	14	16	36	86	40	83	63	73	76	C+	19	54.32	1244	2	5	94	642
Czalliso	tag	2	92	59	36	35	53	46	98	92	56	45	49	C+	28	62.11	452	2	3.1	74	380
Czalliso	war	3	35	104	72	74	102	69	67	39	102	47	85	C+	28	75.98	378	2	10.2	26	80
Czalliso	pot	4	76	54	102	106	83	80	84	35	99	48	97	C+	24	87.26	140	1	15	3	15
Czalliso	vun	5	42	33	89	92	80	64	69	33	103	50	46	C	28	73.44	285	1	5	33	117
Czalliso	luz	1	59	45	9	13	48	29	86	75	19	48	64	C+	28	42.62	963	1	1	209	1155
Czalliso	pot	2	67	85	26	13	30	68	67	89	74	8	50	B	23	59.13	418	2	2.1	90	470
Czalliso	lu	3	56	47	93	86	30	59	95	85	54	42	78	C	28	70.01	315	2	5	46	174
Czalliso	mu	4	96	16	79	77	62	80	84	13	79	52	80	B+	28	70.88	379	4	14.3	44	154
Czalliso	app	5	5	7	85	90	81	43	26	20	71	49	61	B	26	59.50	769	1	1	110	463
Czalliso	fal	1	100	62	7	8	38	17	53	84	33	45	90	B	25	40.31	815	1	1	228	1229
Czalliso	Power Forward #111	2	59	14	43	41	58	45	67	71	53	50	56	D+	28	54.56	860	1	1	123	635
Czalliso	guz	3	9	89	53	51	36	41	84	93	91	49	78	C+	28	65.53	40	3	4.1	64	276
Czalliso	hig	4	69	33	91	88	56	30	54	38	65	49	54	C	28	62.20	384	1	3.1	101	375
Czalliso	Jig	5	10	43	73	72	74	36	44	29	40	54	51	B	24	53.01	1179	1	1	154	712
Darvincia	Player	Position	Layup	Dunk	Jumpshot	3PT	Pass	ShotContest	DefenseIQ	Jumping	Seperation	Durability	Stamina	Development	Age	Overall	Player ID	Years Remaining	Money	Position Rank	League Rank
Darvincia	Nàsà Sikasbë 	1	59	39	31	40	32	65	79	57	70	47	56	D+	23	56.43	1220	2	5	75	568
Darvincia	Hënila Ūnā	2	70	105	66	51	80	79	84	90	101	48	72	C+	28	80.74	107	1	10.5	5	34
Darvincia	Kardo Rrasab	3	30	11	55	73	92	42	36	65	42	33	91	C	25	56.24	507	1	1	116	574
Darvincia	Kardo Gasbërr	4	51	36	100	98	74	81	62	18	100	46	76	C	24	79.50	2	3	17.6	14	43
Darvincia	Làto Cows 	5	36	92	75	99	102	85	67	6	88	79	98	D	22	79.00	1206	2	5	13	46
Darvincia	Center #149	1	37	49	27	34	49	91	50	104	22	51	73	C+	28	55.75	877	1	1	84	591
Darvincia	Cabodu Kanix	2	86	102	74	49	50	75	64	66	57	74	103	C	21	65.71	198	3	6.4	42	269
Darvincia	Small Forward #139	3	67	43	59	56	56	70	42	66	14	47	74	C	28	50.15	846	1	1	158	834
Darvincia	First Last	4	41	21	101	100	59	27	8	6	6	52	78	C+	25	48.91	1120	1	1	210	881
Darvincia	Cabodu Sokàtà	5	58	59	84	90	63	102	55	24	55	24	100	B	27	70.43	72	2	4.4	46	163
Darvincia	King	1	37	60	38	42	36	44	80	74	61	51	58	C	28	55.69	787	1	1	85	596
Darvincia	The Moo Saχi	2	77	65	44	42	27	52	82	95	74	45	48	D+	24	63.68	103	4	5.5	56	326
Darvincia	Charlie	3	92	93	28	32	103	69	46	18	17	46	81	C+	28	44.93	81	1	1	194	1058
Darvincia	Prokavexa Nexium	4	5	25	58	59	35	61	11	26	49	46	99	B	23	46.90	567	1	1	228	971
Darvincia	Baker	5	11	30	83	77	88	47	59	35	100	47	78	D+	28	69.49	156	4	12.3	50	184
Dotruga	Player	Position	Layup	Dunk	Jumpshot	3PT	Pass	ShotContest	DefenseIQ	Jumping	Seperation	Durability	Stamina	Development	Age	Overall	Player ID	Years Remaining	Money	Position Rank	League Rank
Dotruga	Atumobei Tute	1	101	30	84	81	62	104	95	96	92	47	100	D+	26	89.14	288	2	18	2	13
Dotruga	Okaget Mabipet	2	90	90	79	81	96	101	90	91	103	47	81	C+	24	90.54	290	3	25	3	11
Dotruga	Sago Alodetsei	3	104	25	115	112	111	106	107	90	119	59	82	D+	28	99.99	393	3	25	2	1
Dotruga	Danomobei Motxev	4	58	20	95	96	73	94	80	15	87	54	51	C+	26	78.21	215	4	17.6	17	57
Dotruga	Hivek Ekxtr	5	51	36	103	103	122	78	76	17	98	52	66	C	25	86.41	410	1	25	6	18
Dotruga	Alomundi Bituna	1	102	40	64	52	81	78	98	92	101	54	84	C+	21	82.45	106	1	10.5	3	25
Dotruga	Ajanis Vealerko	2	65	100	43	15	47	96	87	123	100	93	48	C+	22	80.36	29	3	13	6	38
Dotruga	Atumundikeili Halapodetsei	3	41	52	96	94	48	100	87	99	36	86	75	B	26	75.83	56	2	10.5	27	84
Dotruga	Iklo Eloalerko 	4	86	41	87	75	45	83	84	63	91	47	88	C	19	76.29	1215	2	8.5	24	78
Dotruga	Paparto Subeina	5	99	30	76	84	102	60	71	44	103	46	76	C+	28	77.18	276	3	13	19	71
Dotruga	Omumiba Keget	1	74	94	52	16	38	100	78	78	83	21	83	B	24	70.21	257	1	8.3	12	166
Dotruga	Kosiro Omundi	2	103	29	64	60	71	90	66	93	80	99	54	B	26	75.15	273	4	9.7	10	93
Dotruga	Alomibamobei Osadolsei	3	46	16	96	72	45	65	82	17	80	54	85	B	22	66.90	102	1	3.7	62	245
Dotruga	Omumiba Ektxr	4	72	38	69	67	80	92	79	26	84	53	67	D+	26	71.59	409	3	7.8	38	140
Dotruga	Alomundi Gagolomundi	5	65	33	88	120	97	56	46	32	100	51	52	C	25	75.63	186	1	17.8	27	89
Dtersauuw_Sagua	Player	Position	Layup	Dunk	Jumpshot	3PT	Pass	ShotContest	DefenseIQ	Jumping	Seperation	Durability	Stamina	Development	Age	Overall	Player ID	Years Remaining	Money	Position Rank	League Rank
Dtersauuw_Sagua	P'uyo Unup'a	1	70	56	37	32	14	74	87	75	75	75	71	C+	25	62.61	165	3	4.3	40	362
Dtersauuw_Sagua	Pxalit'k'a Player #6	2	99	61	59	61	27	104	47	69	66	48	73	B	28	65.40	168	2	7.6	46	278
Dtersauuw_Sagua	Litsaw Wap't'ebw	3	132	60	128	99	107	93	98	83	124	51	100	B	25	99.99	63	6	25	2	1
Dtersauuw_Sagua	Pŋševa Ke'una	4	18	29	72	70	57	58	53	10	65	45	86	B	27	58.78	691	1	1	124	486
Dtersauuw_Sagua	Its'a Lełqutyi	5	59	24	99	104	115	88	77	9	99	50	72	C	28	86.45	34	1	12.5	5	17
Dtersauuw_Sagua	Pxalit'k'a Player #3	1	95	54	26	25	40	44	73	70	67	50	55	C	28	53.03	282	3	2.4	107	710
Dtersauuw_Sagua	P'uyo Unup'a	2	73	88	60	61	34	60	36	99	30	54	100	C	26	57.36	9	1	1	105	536
Dtersauuw_Sagua	Tsekon Wap't'ebw	3	56	77	74	72	20	88	37	59	58	53	101	C	23	60.35	434	1	1.6	91	435
Dtersauuw_Sagua	Stephen Starks	4	72	39	78	88	23	32	48	45	60	33	102	D+	27	58.09	484	1	1	131	512
Dtersauuw_Sagua	Pxalit'k'a Player #7	5	47	7	90	86	84	76	60	15	55	53	45	C+	28	67.35	176	1	3.3	60	229
Dtersauuw_Sagua	Pxalit'k'a Player #10	1	59	65	30	26	22	85	84	64	28	54	50	B	28	51.83	892	1	1	119	766
Dtersauuw_Sagua	Power Forward #150	2	45	60	48	45	35	43	67	58	48	53	64	C+	28	51.00	893	1	1	166	799
Dtersauuw_Sagua	Litsaw Unup'a	3	57	98	33	30	83	51	63	48	58	54	76	C+	28	53.44	403	4	4	139	690
Dtersauuw_Sagua	Dvinme Player #10	4	58	20	89	87	48	43	28	34	13	52	54	C	28	50.11	1117	1	1	201	836
Dtersauuw_Sagua	Pxalit'k'a Player #2	5	54	43	77	80	65	38	40	26	70	50	84	C	28	57.93	172	1	1	119	521
Eksola	Player	Position	Layup	Dunk	Jumpshot	3PT	Pass	ShotContest	DefenseIQ	Jumping	Seperation	Durability	Stamina	Development	Age	Overall	Player ID	Years Remaining	Money	Position Rank	League Rank
Eksola	Center	1	98	99	52	19	33	59	91	98	63	39	75	D+	28	64.94	-1	1	1	0	0
Eksola	Power Forward	2	58	58	29	19	42	57	87	64	97	38	46	D+	20	61.38	-1	1	1	0	0
Eksola	Small Forward	3	35	39	48	49	49	82	53	22	34	28	50	D+	23	47.12	-1	1	1	0	0
Eksola	Shooting Guard	4	38	38	37	25	33	60	18	6	62	60	92	D+	24	39.20	-1	1	1	0	0
Eksola	Point Guard	5	30	31	51	57	84	28	42	6	33	54	90	D+	24	47.99	-1	1	1	0	0
Eksola	Center	1	103	100	43	10	27	57	62	101	97	74	77	D+	21	64.70	-1	1	1	0	0
Eksola	Power Forward	2	99	96	28	29	47	59	72	39	50	10	93	D+	23	50.96	-1	1	1	0	0
Eksola	Small Forward	3	63	57	60	25	34	53	64	19	48	8	77	D+	21	45.99	-1	1	1	0	0
Eksola	Shooting Guard	4	48	48	42	19	23	10	39	22	76	30	56	D+	25	36.15	-1	1	1	0	0
Eksola	Point Guard	5	22	21	49	34	60	7	25	33	25	37	93	D+	20	36.13	-1	1	1	0	0
Eksola	Center	1	53	53	64	15	27	54	61	101	86	77	74	D+	18	63.90	-1	1	1	0	0
Eksola	Power Forward	2	65	70	70	29	64	30	48	82	28	69	75	D+	19	50.79	-1	1	1	0	0
Eksola	Small Forward	3	59	64	38	37	35	42	38	17	54	62	68	D+	25	39.92	-1	1	1	0	0
Eksola	Shooting Guard	4	56	56	9	24	32	24	29	10	80	7	70	D+	28	33.97	-1	1	1	0	0
Eksola	Point Guard	5	12	11	40	18	60	32	18	18	22	89	59	D+	27	32.04	-1	1	1	0	0
Elvine	Player	Position	Layup	Dunk	Jumpshot	3PT	Pass	ShotContest	DefenseIQ	Jumping	Seperation	Durability	Stamina	Development	Age	Overall	Player ID	Years Remaining	Money	Position Rank	League Rank
Elvine	Center	1	65	74	9	38	9	101	52	103	92	27	52	D+	27	64.77	-1	1	1	0	0
Elvine	Power Forward	2	93	90	31	25	37	16	95	89	50	65	74	D+	26	54.47	-1	1	1	0	0
Elvine	Small Forward	3	34	31	80	61	46	66	56	11	19	33	49	D+	18	46.64	-1	1	1	0	0
Elvine	Shooting Guard	4	75	81	69	63	27	71	6	6	50	78	78	D+	24	47.03	-1	1	1	0	0
Elvine	Point Guard	5	8	5	39	31	52	11	51	5	41	56	72	D+	22	35.95	-1	1	1	0	0
Elvine	Center	1	95	103	41	12	49	52	88	96	62	8	67	D+	21	61.81	-1	1	1	0	0
Elvine	Power Forward	2	57	58	54	36	8	51	33	72	58	27	91	D+	28	50.87	-1	1	1	0	0
Elvine	Small Forward	3	24	23	45	45	43	43	25	30	58	35	51	D+	25	41.67	-1	1	1	0	0
Elvine	Shooting Guard	4	48	50	23	23	24	14	26	13	79	93	93	D+	28	34.77	-1	1	1	0	0
Elvine	Point Guard	5	22	18	22	52	42	27	32	21	17	7	65	D+	19	32.58	-1	1	1	0	0
Elvine	Center	1	102	98	16	21	21	48	99	95	68	54	79	D+	28	60.52	-1	1	1	0	0
Elvine	Power Forward	2	96	102	16	32	74	51	49	89	38	53	56	D+	21	50.86	-1	1	1	0	0
Elvine	Small Forward	3	35	41	42	55	30	50	76	19	6	49	54	D+	18	38.61	-1	1	1	0	0
Elvine	Shooting Guard	4	45	53	83	31	6	34	29	6	18	63	70	D+	21	33.88	-1	1	1	0	0
Elvine	Point Guard	5	20	22	16	55	44	16	6	34	41	43	45	D+	27	29.59	-1	1	1	0	0
Eqkirium	Player	Position	Layup	Dunk	Jumpshot	3PT	Pass	ShotContest	DefenseIQ	Jumping	Seperation	Durability	Stamina	Development	Age	Overall	Player ID	Years Remaining	Money	Position Rank	League Rank
Eqkirium	Center	1	104	102	56	54	56	101	69	97	79	43	90	D+	23	76.35	-1	1	1	0	0
Eqkirium	Power Forward	2	30	33	41	28	52	83	71	37	82	46	56	D+	22	58.67	-1	1	1	0	0
Eqkirium	Small Forward	3	25	26	98	46	21	63	83	39	46	17	53	D+	25	55.81	-1	1	1	0	0
Eqkirium	Shooting Guard	4	39	39	53	13	38	22	19	25	52	60	74	D+	27	34.94	-1	1	1	0	0
Eqkirium	Point Guard	5	31	32	68	76	77	28	36	20	33	18	90	D+	28	51.70	-1	1	1	0	0
Eqkirium	Center	1	99	99	32	34	20	84	73	103	69	24	80	D+	19	66.23	-1	1	1	0	0
Eqkirium	Power Forward	2	90	91	38	44	24	34	36	58	92	61	91	D+	20	52.56	-1	1	1	0	0
Eqkirium	Small Forward	3	60	61	41	19	42	44	62	37	61	87	63	D+	26	45.71	-1	1	1	0	0
Eqkirium	Shooting Guard	4	35	35	41	7	19	36	45	24	53	88	46	D+	19	32.96	-1	1	1	0	0
Eqkirium	Point Guard	5	35	43	73	47	56	64	25	19	37	90	70	D+	19	48.03	-1	1	1	0	0
Eqkirium	Center	1	61	64	37	35	36	46	51	99	103	92	83	D+	20	63.64	-1	1	1	0	0
Eqkirium	Power Forward	2	55	60	16	43	35	34	89	57	48	31	86	D+	20	50.03	-1	1	1	0	0
Eqkirium	Small Forward	3	46	51	23	32	49	20	52	40	75	20	89	D+	28	45.13	-1	1	1	0	0
Eqkirium	Shooting Guard	4	16	22	29	25	22	19	26	11	66	52	45	D+	23	30.99	-1	1	1	0	0
Eqkirium	Point Guard	5	7	11	30	34	55	34	15	33	17	83	63	D+	19	32.51	-1	1	1	0	0
Ethanthova	Player	Position	Layup	Dunk	Jumpshot	3PT	Pass	ShotContest	DefenseIQ	Jumping	Seperation	Durability	Stamina	Development	Age	Overall	Player ID	Years Remaining	Money	Position Rank	League Rank
Ethanthova	Colin Hutchison	1	91	39	27	32	10	99	102	126	67	48	84	C	27	75.02	91	1	2.1	6	94
Ethanthova	Iggy Greenfield	2	90	70	63	72	63	86	58	80	61	7	100	D+	25	70.23	386	4	1.9	23	164
Ethanthova	Ethanthova Player #5	3	64	38	84	81	83	104	70	75	104	48	81	B	28	84.87	304	3	18.6	9	20
Ethanthova	Kamil Jones	4	78	25	83	81	102	92	80	36	89	50	90	C	25	81.72	320	2	21	7	28
Ethanthova	Laurence Chandler	5	46	99	67	69	104	90	88	63	84	50	76	B	27	80.25	50	1	10.1	12	39
Ethanthova	Caleb Jervis	1	94	77	36	44	55	102	74	124	67	99	48	D+	24	73.80	197	1	10.8	7	114
Ethanthova	Dylan Fowler	2	44	102	50	53	45	64	103	79	56	50	45	C+	26	65.83	377	1	4.8	41	266
Ethanthova	Rusty Harries	3	82	95	69	73	45	88	79	76	97	50	84	B	26	76.31	78	1	6.8	24	77
Ethanthova	Vince Fowler	4	63	81	77	88	101	81	87	22	69	16	101	D+	21	77.51	114	1	1	21	67
Ethanthova	Errol James	5	66	33	66	73	96	89	72	47	102	54	81	C	26	77.64	306	1	10	18	65
Ethanthova	Eric Newton	1	100	98	14	10	49	97	86	103	66	47	50	D+	24	66.16	233	2	5.9	24	258
Ethanthova	Wilbert Harries	2	101	62	63	52	34	54	58	97	60	29	84	C	23	63.93	347	3	6.7	53	318
Ethanthova	Lee Stidham	3	35	7	101	78	84	86	42	38	84	77	68	D	19	71.97	1195	2	1	39	131
Ethanthova	Boltway Player #3	4	74	24	98	102	71	54	82	22	97	54	51	C+	28	77.35	275	2	7.3	22	69
Ethanthova	Michael Barnett	5	70	49	80	78	95	72	67	36	79	54	75	D+	26	73.26	36	2	6.5	35	120
Futiakep	Player	Position	Layup	Dunk	Jumpshot	3PT	Pass	ShotContest	DefenseIQ	Jumping	Seperation	Durability	Stamina	Development	Age	Overall	Player ID	Years Remaining	Money	Position Rank	League Rank
Futiakep	Center	1	99	102	37	44	40	77	98	96	104	35	77	D+	26	76.71	-1	1	1	0	0
Futiakep	Power Forward	2	36	38	61	17	6	43	92	62	77	67	53	D+	24	57.55	-1	1	1	0	0
Futiakep	Small Forward	3	28	25	73	98	49	34	89	16	26	12	54	D+	19	52.27	-1	1	1	0	0
Futiakep	Shooting Guard	4	47	46	51	70	26	35	50	8	78	63	72	D+	19	50.17	-1	1	1	0	0
Futiakep	Point Guard	5	21	21	52	41	69	43	26	20	52	73	81	D+	18	45.76	-1	1	1	0	0
Futiakep	Center	1	92	89	36	16	22	99	72	87	40	40	85	D+	19	60.11	-1	1	1	0	0
Futiakep	Power Forward	2	72	69	53	6	81	21	17	91	72	21	81	D+	26	51.78	-1	1	1	0	0
Futiakep	Small Forward	3	43	35	58	8	52	55	74	40	32	34	81	D+	22	46.85	-1	1	1	0	0
Futiakep	Shooting Guard	4	25	28	25	28	15	59	51	12	36	81	87	D+	28	35.05	-1	1	1	0	0
Futiakep	Point Guard	5	39	35	40	13	44	30	53	22	37	86	92	D+	23	37.60	-1	1	1	0	0
Futiakep	Center	1	52	51	19	8	6	103	66	77	76	47	57	D+	23	58.89	-1	1	1	0	0
Futiakep	Power Forward	2	84	82	25	33	31	76	19	98	36	26	70	D+	22	50.03	-1	1	1	0	0
Futiakep	Small Forward	3	57	55	97	53	31	39	25	21	37	58	63	D+	19	44.03	-1	1	1	0	0
Futiakep	Shooting Guard	4	46	50	49	24	24	27	14	20	44	30	72	D+	28	32.63	-1	1	1	0	0
Futiakep	Point Guard	5	58	58	11	19	51	73	12	26	36	88	86	D+	19	36.06	-1	1	1	0	0
Height_Sagua	Player	Position	Layup	Dunk	Jumpshot	3PT	Pass	ShotContest	DefenseIQ	Jumping	Seperation	Durability	Stamina	Development	Age	Overall	Player ID	Years Remaining	Money	Position Rank	League Rank
Height_Sagua	Boḿa Blamhákpwano	1	90	93	60	47	77	69	96	67	86	64	62	C+	22	71.72	111	3	16	10	136
Height_Sagua	Mazló Plókli	2	103	74	59	57	43	101	45	97	100	46	98	C	28	77.58	392	3	18.8	9	66
Height_Sagua	Height Sagua Player #3	3	76	101	70	73	60	54	62	76	92	47	78	C+	28	70.17	48	2	6.7	43	168
Height_Sagua	San Holo	4	42	15	117	121	103	91	85	9	117	46	102	B	24	96.57	245	3	20	2	7
Height_Sagua	Height Sagua Player #2	5	8	35	89	91	62	79	46	26	54	53	104	C	28	66.37	646	1	1	65	255
Height_Sagua	Height Sagua Player #5	1	51	101	21	23	42	92	84	104	74	46	63	C	28	68.70	182	1	7.8	16	204
Height_Sagua	Nopá Kánpovragá	2	74	71	37	44	37	97	74	81	49	50	102	B	28	65.55	123	3	10	45	275
Height_Sagua	Váqáp Vjamhá	3	42	15	48	49	71	89	76	70	40	99	94	C	25	62.45	449	1	1.2	74	367
Height_Sagua	Vanhik Slivókŕámhomhók	4	76	24	85	91	81	98	91	9	85	46	101	C	25	80.82	200	1	10.1	10	33
Height_Sagua	Ḿavwápŕi Makŕavamhan	5	52	44	64	70	93	29	79	13	49	6	69	C	24	59.80	133	3	3	107	452
Height_Sagua	Height Sagua Player #7	1	65	57	5	13	37	80	24	61	45	50	88	C+	28	43.60	611	1	1	198	1113
Height_Sagua	Power Forward #108	2	60	27	38	44	54	36	74	56	41	54	80	B	28	50.29	759	1	1	172	826
Height_Sagua	Height Sagua Player #9	3	74	22	43	36	72	82	49	44	92	49	46	C	28	60.07	780	1	2.3	92	446
Height_Sagua	Sova Kłó	4	96	25	92	86	72	61	80	36	77	54	97	C+	26	75.24	49	1	12.7	27	92
Height_Sagua	Height Sagua Player #11	5	87	7	74	70	49	14	38	46	67	52	71	C+	28	50.49	828	1	1	172	820
Helvaena	Player	Position	Layup	Dunk	Jumpshot	3PT	Pass	ShotContest	DefenseIQ	Jumping	Seperation	Durability	Stamina	Development	Age	Overall	Player ID	Years Remaining	Money	Position Rank	League Rank
Helvaena	Center	1	97	101	15	23	16	72	67	99	92	78	90	D+	28	64.47	-1	1	1	0	0
Helvaena	Power Forward	2	66	71	27	46	39	95	46	70	44	72	83	D+	28	56.10	-1	1	1	0	0
Helvaena	Small Forward	3	24	15	56	60	23	64	54	5	44	87	58	D+	21	44.37	-1	1	1	0	0
Helvaena	Shooting Guard	4	46	46	37	69	23	54	10	30	102	7	54	D+	24	49.71	-1	1	1	0	0
Helvaena	Point Guard	5	32	25	56	16	95	26	59	38	84	19	53	D+	24	52.95	-1	1	1	0	0
Helvaena	Center	1	97	104	64	15	23	42	48	103	87	89	68	D+	27	60.70	-1	1	1	0	0
Helvaena	Power Forward	2	101	100	45	18	52	40	35	96	76	47	56	D+	24	56.03	-1	1	1	0	0
Helvaena	Small Forward	3	98	103	32	29	27	41	80	54	16	84	57	D+	18	40.12	-1	1	1	0	0
Helvaena	Shooting Guard	4	39	36	42	19	29	62	34	7	34	25	92	D+	23	36.08	-1	1	1	0	0
Helvaena	Point Guard	5	20	19	24	29	76	34	29	20	58	63	57	D+	24	40.04	-1	1	1	0	0
Helvaena	Center	1	102	95	19	21	13	79	100	66	63	39	83	D+	26	60.12	-1	1	1	0	0
Helvaena	Power Forward	2	93	89	42	44	31	62	36	82	52	63	59	D+	23	53.01	-1	1	1	0	0
Helvaena	Small Forward	3	29	33	60	24	41	76	26	7	37	56	45	D+	23	39.15	-1	1	1	0	0
Helvaena	Shooting Guard	4	21	18	33	36	24	49	8	12	52	90	49	D+	21	32.92	-1	1	1	0	0
Helvaena	Point Guard	5	70	70	70	37	27	30	21	25	39	91	88	D+	21	37.96	-1	1	1	0	0
Hinaika	Player	Position	Layup	Dunk	Jumpshot	3PT	Pass	ShotContest	DefenseIQ	Jumping	Seperation	Durability	Stamina	Development	Age	Overall	Player ID	Years Remaining	Money	Position Rank	League Rank
Hinaika	Center	1	101	98	58	18	31	40	60	104	97	22	57	D+	26	63.63	-1	1	1	0	0
Hinaika	Power Forward	2	60	62	39	39	96	58	44	81	66	26	52	D+	21	58.72	-1	1	1	0	0
Hinaika	Small Forward	3	89	93	77	45	29	50	70	34	36	66	74	D+	22	50.12	-1	1	1	0	0
Hinaika	Shooting Guard	4	18	19	21	38	28	65	25	6	53	45	78	D+	24	36.99	-1	1	1	0	0
Hinaika	Point Guard	5	57	60	79	85	68	45	53	23	52	27	65	D+	26	59.08	-1	1	1	0	0
Hinaika	Center	1	41	38	10	25	9	59	68	97	101	45	81	D+	28	61.59	-1	1	1	0	0
Hinaika	Power Forward	2	79	82	32	17	64	62	52	64	46	53	75	D+	23	51.33	-1	1	1	0	0
Hinaika	Hoeki Pakana	3	36	78	46	52	59	68	17	49	36	46	83	C	26	47.38	904	1	1	176	944
Hinaika	Shooting Guard	4	10	6	44	32	11	26	14	10	74	89	69	D+	19	34.91	-1	1	1	0	0
Hinaika	Point Guard	5	24	22	40	12	74	58	30	20	53	10	53	D+	26	42.46	-1	1	1	0	0
Hinaika	Center	1	95	99	16	21	32	72	67	103	64	5	90	D+	26	61.11	-1	1	1	0	0
Hinaika	Power Forward	2	100	102	26	5	40	36	28	99	55	64	75	D+	21	48.16	-1	1	1	0	0
Hinaika	Small Forward	3	52	50	67	24	48	68	25	22	27	12	80	D+	27	41.77	-1	1	1	0	0
Hinaika	Shooting Guard	4	27	34	5	26	15	20	39	21	57	76	94	D+	22	30.35	-1	1	1	0	0
Hinaika	Point Guard	5	17	16	73	14	42	28	33	16	9	93	81	D+	18	34.20	-1	1	1	0	0
Holy_Yektonisa	Player	Position	Layup	Dunk	Jumpshot	3PT	Pass	ShotContest	DefenseIQ	Jumping	Seperation	Durability	Stamina	Development	Age	Overall	Player ID	Years Remaining	Money	Position Rank	League Rank
Holy_Yektonisa	Power Forward #166	1	78	30	50	49	27	88	87	88	56	50	62	C+	28	66.69	227	3	7.4	22	249
Holy_Yektonisa	Holy Yektonesia Player #2	2	76	52	37	38	24	25	64	85	72	53	81	C+	28	55.15	587	1	1	121	617
Holy_Yektonisa	Phetdum Bouvanaat 	3	95	64	73	78	60	78	66	81	93	56	83	D+	19	75.78	1238	2	5	28	86
Holy_Yektonisa	Holy Yektonesia Player #6	4	40	34	98	101	52	72	60	11	72	49	53	C+	28	69.04	417	5	4	54	193
Holy_Yektonisa	Point Guard #118	5	58	9	47	48	48	53	39	38	54	54	51	C+	28	46.10	1164	1	1	213	1011
Holy_Yektonisa	Holy Yektonesia Player #1	1	85	65	34	27	54	92	60	82	26	49	77	B	28	56.10	414	2	3	80	580
Holy_Yektonisa	Holy Yektonesia Player #8	2	71	73	25	34	48	92	6	60	62	52	48	C	28	48.59	788	1	1	187	895
Holy_Yektonisa	Holy Yektonesia Player #7	3	87	50	64	56	57	41	16	79	68	52	63	C	28	54.31	723	1	1	128	643
Holy_Yektonisa	Holy Yektonesia Player #3	4	63	18	77	84	52	39	79	10	104	54	74	C+	28	68.23	308	1	7	59	212
Holy_Yektonisa	Point Guard	5	32	33	24	8	100	12	25	21	24	40	45	D+	20	33.28	-1	1	1	0	0
Holy_Yektonisa	Center #137	1	96	28	15	20	51	82	75	67	56	51	52	C+	28	55.80	121	1	3.3	82	589
Holy_Yektonisa	Vipoi Vuki	2	25	51	55	61	52	11	35	94	41	46	58	C+	26	48.38	1015	1	1	189	904
Holy_Yektonisa	Ailiqaeu Okohae	3	94	79	47	46	104	56	69	28	23	54	101	C+	26	53.77	411	3	4	136	673
Holy_Yektonisa	Bongatar Player #4	4	21	10	103	104	49	50	25	23	66	47	68	D+	28	63.79	740	1	1	88	322
Holy_Yektonisa	Point Guard	5	32	34	17	31	37	34	45	24	16	50	93	D+	21	32.98	-1	1	1	0	0
Holykol	Player	Position	Layup	Dunk	Jumpshot	3PT	Pass	ShotContest	DefenseIQ	Jumping	Seperation	Durability	Stamina	Development	Age	Overall	Player ID	Years Remaining	Money	Position Rank	League Rank
Holykol	vo	1	100	43	57	64	83	78	97	83	71	47	76	C+	28	75.38	30	3	25	5	90
Holykol	dot	2	89	44	18	23	44	98	63	86	48	53	54	C+	25	58.96	675	1	3.2	92	479
Holykol	hax	3	23	69	95	99	31	91	51	7	75	52	68	C	28	64.93	428	1	4	66	296
Holykol	la	4	55	11	86	89	71	97	39	21	101	46	58	B	28	74.19	64	3	14.6	30	106
Holykol	hex	5	15	30	83	82	74	73	74	39	81	45	79	C+	28	71.96	105	2	7.4	38	132
Holykol	Center #131	1	47	30	15	21	15	57	84	64	65	52	52	B	28	51.36	912	1	1	123	784
Holykol	dot	2	89	44	18	23	44	98	63	86	48	53	54	C+	25	58.96	675	1	3.2	92	479
Holykol	xek	3	81	42	91	94	49	51	28	27	76	48	104	C+	28	62.01	256	1	2.2	80	385
Holykol	Shooting Guard #105	4	21	38	91	91	91	42	30	38	46	53	49	C+	28	61.68	530	4	4.5	106	399
Holykol	quj	5	61	21	103	100	74	70	9	38	41	54	45	C+	28	61.21	432	3	2.4	95	407
Holykol	dyo	1	76	64	21	22	28	44	93	74	7	53	49	C	25	43.88	913	1	1	194	1101
Holykol	si	2	64	42	6	13	16	62	72	70	59	52	50	C	25	49.44	805	1	1	180	861
Holykol	Small Forward #137	3	40	52	40	43	70	57	71	31	33	54	49	D+	28	47.74	610	1	1	171	929
Holykol	Shooting Guard #105	4	21	38	91	91	91	42	30	38	46	53	49	C+	28	61.68	530	4	4.5	106	399
Holykol	kom	5	14	17	46	54	76	69	32	39	61	50	55	C+	27	53.25	803	1	1	152	700
Ipal	Player	Position	Layup	Dunk	Jumpshot	3PT	Pass	ShotContest	DefenseIQ	Jumping	Seperation	Durability	Stamina	Development	Age	Overall	Player ID	Years Remaining	Money	Position Rank	League Rank
Ipal	Center	1	97	96	18	24	17	84	91	100	71	25	56	D+	22	65.02	-1	1	1	0	0
Ipal	Power Forward	2	100	100	46	31	43	95	56	62	61	92	51	D+	18	59.61	-1	1	1	0	0
Ipal	Small Forward	3	30	34	85	34	34	30	71	23	40	31	55	D+	18	45.57	-1	1	1	0	0
Ipal	Shooting Guard	4	32	25	15	22	38	51	49	17	69	20	71	D+	27	39.26	-1	1	1	0	0
Ipal	Point Guard	5	51	48	47	32	88	53	31	11	33	57	81	D+	27	46.91	-1	1	1	0	0
Ipal	Center	1	75	75	7	10	59	60	93	102	75	16	71	D+	25	63.60	-1	1	1	0	0
Ipal	Power Forward	2	96	103	92	20	28	42	29	78	70	16	89	D+	28	57.48	-1	1	1	0	0
Ipal	Small Forward	3	24	20	29	17	35	70	68	27	41	74	74	D+	27	42.79	-1	1	1	0	0
Ipal	Shooting Guard	4	54	51	59	34	10	46	48	34	28	49	48	D+	19	37.35	-1	1	1	0	0
Ipal	Point Guard	5	46	54	36	17	83	17	55	43	29	78	57	D+	28	41.28	-1	1	1	0	0
Ipal	Center	1	95	101	29	7	37	80	71	98	65	65	84	D+	18	62.76	-1	1	1	0	0
Ipal	Power Forward	2	70	65	74	5	50	45	98	54	16	62	61	D+	28	51.28	-1	1	1	0	0
Ipal	Small Forward	3	64	64	57	19	28	61	57	7	29	78	85	D+	18	40.14	-1	1	1	0	0
Ipal	Shooting Guard	4	43	36	46	26	24	60	35	24	26	31	77	D+	26	36.27	-1	1	1	0	0
Ipal	Point Guard	5	32	34	8	64	39	43	31	6	17	85	80	D+	18	33.98	-1	1	1	0	0
Kaeshar	Player	Position	Layup	Dunk	Jumpshot	3PT	Pass	ShotContest	DefenseIQ	Jumping	Seperation	Durability	Stamina	Development	Age	Overall	Player ID	Years Remaining	Money	Position Rank	League Rank
Kaeshar	Center	1	95	95	26	31	28	85	61	104	74	27	79	D+	18	65.08	-1	1	1	0	0
Kaeshar	Power Forward	2	80	83	70	8	29	62	43	100	48	48	79	D+	25	58.24	-1	1	1	0	0
Kaeshar	Small Forward	3	37	43	38	22	25	30	79	71	52	7	80	D+	20	47.02	-1	1	1	0	0
Kaeshar	Shooting Guard	4	67	70	69	89	69	57	50	24	68	75	76	D+	21	63.85	-1	1	1	0	0
Kaeshar	Point Guard	5	73	68	68	71	78	44	61	8	33	77	68	D+	19	55.65	-1	1	1	0	0
Kaeshar	Center	1	97	96	42	13	31	62	86	99	69	31	67	D+	22	63.66	-1	1	1	0	0
Kaeshar	Power Forward	2	95	104	61	23	7	54	50	71	76	68	46	D+	26	55.15	-1	1	1	0	0
Kaeshar	Small Forward	3	17	19	42	29	22	70	65	31	54	36	57	D+	18	45.75	-1	1	1	0	0
Kaeshar	Shooting Guard	4	15	21	44	45	5	63	34	16	74	80	94	D+	18	44.85	-1	1	1	0	0
Kaeshar	Point Guard	5	29	33	41	51	29	51	27	10	61	37	45	D+	18	38.75	-1	1	1	0	0
Kaeshar	Center	1	101	102	24	14	41	97	54	100	45	15	94	D+	21	60.34	-1	1	1	0	0
Kaeshar	Power Forward	2	69	65	27	12	35	49	68	65	54	18	85	D+	26	50.86	-1	1	1	0	0
Kaeshar	Small Forward	3	61	64	52	36	36	43	49	38	30	42	50	D+	28	40.46	-1	1	1	0	0
Kaeshar	Shooting Guard	4	37	38	9	33	22	11	33	24	74	76	85	D+	25	33.78	-1	1	1	0	0
Kaeshar	Point Guard	5	7	7	43	29	39	18	61	38	37	82	81	D+	24	38.75	-1	1	1	0	0
Kareng	Player	Position	Layup	Dunk	Jumpshot	3PT	Pass	ShotContest	DefenseIQ	Jumping	Seperation	Durability	Stamina	Development	Age	Overall	Player ID	Years Remaining	Money	Position Rank	League Rank
Kareng	Center	1	97	100	16	10	32	58	100	97	74	26	89	D+	28	64.01	-1	1	1	0	0
Kareng	Power Forward	2	103	97	42	26	74	64	36	65	64	46	79	D+	25	55.56	-1	1	1	0	0
Kareng	Small Forward	3	96	96	32	21	44	85	38	55	78	49	50	D+	21	52.03	-1	1	1	0	0
Kareng	Ńà Nhòà 	4	90	31	15	8	28	65	47	11	38	33	101	C+	24	34.07	1282	1	1	266	1312
Kareng	Guvggillmào Vàydep	5	41	54	98	77	20	47	49	51	18	98	53	C	22	49.60	1162	1	1	180	853
Kareng	Center	1	100	100	26	23	16	65	69	104	79	71	85	D+	22	63.09	-1	1	1	0	0
Kareng	Power Forward	2	103	103	40	42	84	60	26	100	34	68	53	D+	26	53.92	-1	1	1	0	0
Kareng	Small Forward	3	53	51	67	33	19	39	68	19	42	69	70	D+	28	43.21	-1	1	1	0	0
Kareng	Shooting Guard	4	54	51	38	43	19	15	24	30	46	49	61	D+	18	33.58	-1	1	1	0	0
Kareng	Point Guard	5	24	15	26	69	46	20	64	34	37	18	51	D+	28	42.00	-1	1	1	0	0
Kareng	Center	1	98	95	34	23	12	73	67	96	75	36	75	D+	28	62.10	-1	1	1	0	0
Kareng	Power Forward	2	76	80	56	60	27	50	32	99	39	67	45	D+	21	52.58	-1	1	1	0	0
Kareng	Small Forward	3	29	33	38	23	31	48	26	29	74	13	57	D+	21	40.95	-1	1	1	0	0
Kareng	Shooting Guard	4	35	44	37	43	24	26	43	21	26	24	55	D+	21	33.04	-1	1	1	0	0
Kareng	Point Guard	5	27	26	46	30	26	28	25	7	54	8	50	D+	23	31.73	-1	1	1	0	0
Keich	Player	Position	Layup	Dunk	Jumpshot	3PT	Pass	ShotContest	DefenseIQ	Jumping	Seperation	Durability	Stamina	Development	Age	Overall	Player ID	Years Remaining	Money	Position Rank	League Rank
Keich	Center	1	69	69	30	7	44	82	68	81	102	71	47	D+	28	64.56	-1	1	1	0	0
Keich	Power Forward	2	39	43	43	24	66	86	80	41	67	59	81	D+	19	60.99	-1	1	1	0	0
Keich	Small Forward	3	31	28	64	76	48	80	23	19	56	56	61	D+	27	51.95	-1	1	1	0	0
Keich	Shooting Guard	4	17	24	49	40	10	41	16	10	49	18	45	D+	27	33.48	-1	1	1	0	0
Keich	Point Guard	5	36	42	38	60	85	57	49	28	11	17	72	D+	28	50.19	-1	1	1	0	0
Keich	Center	1	97	96	18	32	50	69	78	98	61	64	93	D+	25	63.45	-1	1	1	0	0
Keich	Power Forward	2	71	68	30	35	47	71	40	70	80	46	79	D+	23	57.78	-1	1	1	0	0
Keich	Small Forward	3	75	78	50	15	34	25	81	45	54	91	52	D+	19	44.86	-1	1	1	0	0
Keich	Shooting Guard	4	29	30	45	23	15	34	18	11	59	44	59	D+	19	32.84	-1	1	1	0	0
Keich	Point Guard	5	36	35	17	31	94	38	33	36	34	93	55	D+	18	42.04	-1	1	1	0	0
Keich	Center	1	100	99	32	14	33	69	85	95	75	72	51	D+	27	63.30	-1	1	1	0	0
Keich	Power Forward	2	56	61	16	14	67	65	52	59	50	62	79	D+	28	49.62	-1	1	1	0	0
Keich	Small Forward	3	58	57	74	27	54	55	53	6	20	26	71	D+	25	42.27	-1	1	1	0	0
Keich	Shooting Guard	4	48	53	13	32	20	33	45	9	57	54	57	D+	26	32.62	-1	1	1	0	0
Keich	Point Guard	5	6	13	31	9	62	25	23	7	17	39	83	D+	18	29.74	-1	1	1	0	0
Key_to_Don	Player	Position	Layup	Dunk	Jumpshot	3PT	Pass	ShotContest	DefenseIQ	Jumping	Seperation	Durability	Stamina	Development	Age	Overall	Player ID	Years Remaining	Money	Position Rank	League Rank
Key_to_Don	Mónhin Mipjódló	1	68	66	30	15	22	62	96	103	73	5	79	C	21	64.99	326	2	3.7	28	292
Key_to_Don	Key To Don Player #5	2	43	95	62	57	38	27	51	93	54	46	98	C	28	58.07	70	1	4.5	101	514
Key_to_Don	Key To Don Player #4	3	13	51	84	38	103	77	56	86	92	50	96	C	28	76.58	169	1	3.4	23	75
Key_to_Don	Key To Don Player #3	4	33	20	92	92	71	78	36	12	72	46	90	C	28	68.97	254	1	5	56	196
Key_to_Don	Persa Mersa	5	74	36	104	95	102	59	85	36	104	51	77	C	21	83.55	291	1	12.4	7	23
Key_to_Don	Naqánkló Qjodlonhámh	1	83	85	21	14	32	98	54	84	71	42	79	B+	26	60.60	25	3	3.7	51	428
Key_to_Don	Key To Don Player #9	2	44	61	26	30	22	70	43	57	70	49	94	C	28	52.34	548	1	1	151	745
Key_to_Don	Swanano Nonhkwaqan	3	51	21	78	79	57	59	61	52	83	50	76	C+	24	67.00	796	3	3.3	59	239
Key_to_Don	Dylan Rooney	4	34	27	57	56	64	65	72	24	61	68	91	B+	23	58.93	737	1	1	122	482
Key_to_Don	Błá Kánpovŕagá	5	74	9	60	33	96	75	53	69	47	100	73	B	24	61.75	327	2	10	91	395
Key_to_Don	Key To Don Player #2	1	104	84	25	31	51	66	5	69	66	46	78	C+	28	48.05	67	1	1	152	915
Key_to_Don	Power Forward #152	2	58	69	26	27	57	63	57	53	37	46	73	C	28	47.98	562	1	1	191	918
Key_to_Don	Swanano Nonhkwaqan	3	51	21	78	79	57	59	61	52	83	50	76	C+	24	67.00	796	3	3.3	59	239
Key_to_Don	Pakomha Nánpa 	4	60	18	66	64	58	48	45	30	57	29	91	B	22	55.85	1230	2	5	149	587
Key_to_Don	Keon Saysamongdy	5	19	10	51	55	81	64	63	45	58	45	53	C+	25	58.62	638	1	1	115	495
Kolauk	Player	Position	Layup	Dunk	Jumpshot	3PT	Pass	ShotContest	DefenseIQ	Jumping	Seperation	Durability	Stamina	Development	Age	Overall	Player ID	Years Remaining	Money	Position Rank	League Rank
Kolauk	Center	1	69	70	41	44	11	101	45	98	54	49	76	D+	22	61.58	-1	1	1	0	0
Kolauk	Power Forward	2	84	80	52	40	39	96	40	71	100	25	79	D+	25	68.08	-1	1	1	0	0
Kolauk	Small Forward	3	23	19	43	53	22	28	59	14	72	36	69	D+	24	44.19	-1	1	1	0	0
Kolauk	Shooting Guard	4	49	51	30	24	14	36	74	7	53	71	51	D+	21	35.84	-1	1	1	0	0
Kolauk	lu  	5	67	31	54	55	35	45	28	19	43	47	96	F+	21	43.18	1289	1	1	243	1132
Kolauk	Center	1	97	98	20	14	25	95	56	95	65	92	94	D+	25	61.55	-1	1	1	0	0
Kolauk	Power Forward	2	95	97	51	22	36	97	39	84	54	86	59	D+	27	59.64	-1	1	1	0	0
Kolauk	Small Forward	3	55	63	38	26	52	49	70	27	30	55	66	D+	26	42.51	-1	1	1	0	0
Kolauk	Shooting Guard	4	7	6	46	15	5	28	23	19	56	84	73	D+	24	31.01	-1	1	1	0	0
Kolauk	Point Guard	5	43	36	42	27	82	31	35	28	23	11	47	D+	27	40.01	-1	1	1	0	0
Kolauk	Center	1	57	60	42	5	45	64	39	104	86	89	79	D+	20	60.87	-1	1	1	0	0
Kolauk	Power Forward	2	95	97	20	11	40	50	89	54	59	41	58	D+	23	51.69	-1	1	1	0	0
Kolauk	Small Forward	3	57	59	19	25	50	22	38	46	72	74	55	D+	25	40.69	-1	1	1	0	0
Kolauk	Shooting Guard	4	54	49	61	28	30	35	22	7	17	20	45	D+	24	30.76	-1	1	1	0	0
Kolauk	Point Guard	5	24	23	32	60	38	33	10	19	32	72	59	D+	24	33.23	-1	1	1	0	0
Lemos	Player	Position	Layup	Dunk	Jumpshot	3PT	Pass	ShotContest	DefenseIQ	Jumping	Seperation	Durability	Stamina	Development	Age	Overall	Player ID	Years Remaining	Money	Position Rank	League Rank
Lemos	Center	1	95	103	47	6	48	53	73	98	76	70	88	D+	21	63.74	-1	1	1	0	0
Lemos	Power Forward	2	97	102	44	24	40	100	38	99	65	23	63	D+	24	64.25	-1	1	1	0	0
Lemos	Small Forward	3	99	95	36	43	35	89	58	37	47	84	78	D+	25	51.30	-1	1	1	0	0
Lemos	Shooting Guard	4	78	78	69	33	43	28	27	23	38	25	48	D+	18	39.37	-1	1	1	0	0
Lemos	Point Guard	5	33	25	27	34	64	63	29	39	24	30	65	D+	22	41.41	-1	1	1	0	0
Lemos	Center	1	98	102	30	20	16	58	65	100	98	83	67	D+	24	63.38	-1	1	1	0	0
Lemos	Power Forward	2	75	75	44	18	14	88	31	101	49	87	52	D+	22	55.62	-1	1	1	0	0
Lemos	Small Forward	3	28	32	20	69	21	42	21	42	66	88	81	D+	28	42.43	-1	1	1	0	0
Lemos	Shooting Guard	4	17	21	27	41	24	35	21	41	24	49	90	D+	23	32.51	-1	1	1	0	0
Lemos	Point Guard	5	16	18	36	34	37	44	30	29	12	15	68	D+	21	33.47	-1	1	1	0	0
Lemos	Center	1	101	101	30	20	33	100	61	98	50	42	51	D+	22	60.67	-1	1	1	0	0
Lemos	Power Forward	2	54	53	15	15	19	55	55	101	43	10	94	D+	24	51.75	-1	1	1	0	0
Lemos	Small Forward	3	57	64	30	27	19	51	23	72	61	59	49	D+	21	41.47	-1	1	1	0	0
Lemos	Shooting Guard	4	35	41	21	37	12	34	48	22	31	73	80	D+	26	31.92	-1	1	1	0	0
Lemos	Point Guard	5	12	10	17	18	27	19	62	15	26	74	92	D+	22	30.03	-1	1	1	0	0
Loviniosa	Player	Position	Layup	Dunk	Jumpshot	3PT	Pass	ShotContest	DefenseIQ	Jumping	Seperation	Durability	Stamina	Development	Age	Overall	Player ID	Years Remaining	Money	Position Rank	League Rank
Loviniosa	Keon Saengsavang	1	85	85	24	17	11	101	87	102	84	53	61	D+	25	69.48	137	3	10	14	185
Loviniosa	Moke Douangvily	2	86	32	91	93	77	75	80	74	101	45	56	C	26	81.30	213	2	11	4	29
Loviniosa	Phetdum Vatthana	3	79	88	100	95	81	68	70	65	80	53	89	C	25	78.95	348	1	20	15	48
Loviniosa	Keoki Vongsay	4	35	31	76	81	82	65	67	30	65	71	72	B	24	67.48	125	3	6.5	65	227
Loviniosa	Phetdum Vongsay	5	28	34	104	97	100	81	46	14	97	47	51	C+	24	76.81	440	2	17.5	21	73
Loviniosa	Ikaika Savang	1	103	77	13	7	38	92	38	93	100	53	81	D+	25	63.09	421	1	2	38	348
Loviniosa	Keahi Saengsavang	2	87	72	26	53	56	76	73	84	94	46	73	C	24	69.74	138	2	12.6	26	179
Loviniosa	Malo Sayasone	3	53	36	84	75	87	63	39	50	30	54	58	C+	25	57.68	238	4	3	108	530
Loviniosa	Phetdum Phanivong	4	56	31	58	57	42	58	60	26	78	49	97	C+	23	57.95	660	1	1	133	519
Loviniosa	Keahi Siyavong	5	27	33	79	102	64	52	47	52	92	47	72	B	25	67.23	148	4	6.5	62	234
Loviniosa	Malo Sengtavisouk	1	100	67	23	19	73	53	64	64	48	51	45	C+	25	49.64	191	1	1.1	134	850
Loviniosa	Konala Somphousiharath	2	84	94	37	40	44	55	68	91	97	50	103	C	26	68.85	422	1	6.2	29	202
Loviniosa	Kalani Thonemany	3	59	42	11	13	77	81	94	6	47	51	57	D+	26	47.84	544	1	1	170	926
Loviniosa	Shooting Guard	4	90	89	74	65	39	74	33	19	72	58	59	D+	28	56.83	-1	1	1	0	0
Loviniosa	Kimo Rattanvongsa	5	7	35	72	66	76	56	42	28	44	47	78	B+	27	56.78	545	1	1	127	554
Lyintaria	Player	Position	Layup	Dunk	Jumpshot	3PT	Pass	ShotContest	DefenseIQ	Jumping	Seperation	Durability	Stamina	Development	Age	Overall	Player ID	Years Remaining	Money	Position Rank	League Rank
Lyintaria	Kalani Saysamongdy	1	96	92	40	19	43	81	98	132	83	53	59	C	23	76.69	361	3	10.7	4	74
Lyintaria	Kaili Saenthavisouk	2	69	77	40	44	76	89	85	78	59	33	99	C	24	70.14	177	3	14.5	25	169
Lyintaria	Rvai Florkotae	3	71	53	102	97	77	101	57	32	99	52	45	C	28	78.68	113	1	4.5	18	52
Lyintaria	Kiyoto Mansumo	4	85	50	98	103	65	82	77	60	70	53	75	C+	22	79.39	79	4	18	15	44
Lyintaria	Wongduan Sengtavisouk	5	72	19	91	78	97	68	73	33	94	81	96	C+	21	78.00	368	1	12.4	16	60
Lyintaria	Analu Cheruene	1	102	100	21	11	53	72	103	89	82	74	98	B	24	69.40	464	3	7.7	15	186
Lyintaria	Power Forward #151	2	104	17	36	41	47	59	69	61	52	45	81	C+	28	55.71	232	3	1	117	594
Lyintaria	Lyintaria Player #10	3	77	64	47	50	38	44	100	47	24	52	51	D	28	48.68	665	1	1	167	893
Lyintaria	Wongduan Saengsavang	4	91	42	95	89	39	67	53	47	74	53	65	C	25	68.20	279	3	2	60	213
Lyintaria	Xaisomboun Saengsavang	5	45	30	85	89	68	57	77	28	61	10	84	B	22	67.80	44	1	1	58	219
Lyintaria	Lyintaria Player #4	1	99	65	11	8	20	104	101	104	56	51	54	B	28	65.74	436	2	4.7	26	267
Lyintaria	Lyintaria Player #2	2	79	73	24	17	38	74	65	82	30	50	103	C	28	54.17	445	1	1	128	652
Lyintaria	Meka Phoutthasinh	3	32	40	18	8	58	84	48	90	22	99	79	C+	22	46.21	941	1	1	184	1008
Lyintaria	Pxalit'k'a Player #8	4	29	23	86	90	66	18	40	35	67	48	88	C+	28	61.38	901	1	1	109	404
Lyintaria	Old Player	5	48	26	85	91	65	56	76	25	55	13	82	C+	34	66.34	45	1	1	66	256
Nausicaa	Player	Position	Layup	Dunk	Jumpshot	3PT	Pass	ShotContest	DefenseIQ	Jumping	Seperation	Durability	Stamina	Development	Age	Overall	Player ID	Years Remaining	Money	Position Rank	League Rank
Nausicaa	Center	1	57	60	47	6	43	90	49	101	71	59	62	D+	22	62.89	-1	1	1	0	0
Nausicaa	Power Forward	2	104	102	34	39	79	32	31	97	46	5	77	D+	21	52.06	-1	1	1	0	0
Nausicaa	Mhokba Djamhámhoñha	3	59	75	58	71	32	73	58	51	84	27	67	C+	21	62.05	195	1	1.5	78	383
Nausicaa	Shooting Guard #57	4	7	9	68	69	37	39	60	9	49	51	51	C+	28	49.20	1123	1	1	208	866
Nausicaa	Błá Váva	5	41	37	73	82	66	48	81	15	86	16	56	B	25	64.51	826	1	1	77	306
Nausicaa	Center	1	102	101	42	33	47	65	60	99	61	17	80	D+	24	62.09	-1	1	1	0	0
Nausicaa	Boḿa Pámhóǵwá 	2	52	50	49	16	34	57	37	71	66	63	49	D	21	51.04	1267	1	1	165	797
Nausicaa	Small Forward	3	45	51	43	13	42	39	29	78	85	94	61	D+	22	48.81	-1	1	1	0	0
Nausicaa	Shooting Guard	4	46	52	62	17	11	27	27	22	42	13	92	D+	28	34.45	-1	1	1	0	0
Nausicaa	Ḿavwápŕi Sŕóniqńoqi	5	69	7	59	28	68	46	97	87	73	23	52	C+	20	61.31	120	2	3	94	406
Nausicaa	Vŕá Płońiblá	1	84	73	50	54	51	70	57	65	45	72	84	C	24	57.00	234	1	3.1	71	547
Nausicaa	Power Forward	2	96	100	24	31	57	60	87	46	30	36	74	D+	19	50.33	-1	1	1	0	0
Nausicaa	Ni'áqŕópłá Nánpa	3	35	55	60	63	45	37	49	8	57	47	99	C+	24	48.78	922	1	1	165	887
Nausicaa	Shooting Guard	4	57	64	37	13	21	17	24	30	65	9	92	D+	22	34.26	-1	1	1	0	0
Nausicaa	Point Guard	5	43	35	76	43	92	23	41	33	43	23	59	D+	26	51.27	-1	1	1	0	0
Nja	Player	Position	Layup	Dunk	Jumpshot	3PT	Pass	ShotContest	DefenseIQ	Jumping	Seperation	Durability	Stamina	Development	Age	Overall	Player ID	Years Remaining	Money	Position Rank	League Rank
Nja	Center	1	78	76	20	8	26	104	101	94	52	71	84	D+	18	66.21	-1	1	1	0	0
Nja	Power Forward	2	61	63	54	18	25	70	35	68	55	58	83	D+	20	52.50	-1	1	1	0	0
Nja	Small Forward	3	76	83	72	38	51	52	87	16	33	27	68	D+	18	50.64	-1	1	1	0	0
Nja	Shooting Guard	4	25	28	41	53	36	41	16	35	73	46	61	D+	27	44.32	-1	1	1	0	0
Nja	Point Guard	5	11	6	17	93	47	31	27	21	12	18	52	D+	28	36.65	-1	1	1	0	0
Nja	Center	1	100	96	18	17	9	78	52	97	96	65	89	D+	24	62.80	-1	1	1	0	0
Nja	Power Forward	2	49	51	37	18	64	52	46	65	62	43	58	D+	26	51.10	-1	1	1	0	0
Nja	Small Forward	3	19	15	77	19	59	41	34	20	75	31	86	D+	26	49.54	-1	1	1	0	0
Nja	Shooting Guard	4	32	29	27	33	18	23	41	22	52	76	50	D+	21	32.58	-1	1	1	0	0
Nja	Point Guard	5	13	9	17	61	37	9	40	20	23	72	74	D+	18	31.82	-1	1	1	0	0
Nja	Center	1	76	78	24	11	27	103	62	96	60	87	65	D+	21	61.41	-1	1	1	0	0
Nja	Power Forward	2	38	44	31	19	28	43	31	80	88	33	49	D+	24	50.82	-1	1	1	0	0
Nja	Small Forward	3	42	38	54	74	48	35	5	21	54	9	57	D+	19	41.80	-1	1	1	0	0
Nja	Shooting Guard	4	31	30	16	36	18	24	26	22	47	13	63	D+	20	29.58	-1	1	1	0	0
Nja	Point Guard	5	27	32	23	17	35	7	50	29	15	84	89	D+	22	28.37	-1	1	1	0	0
Norkute	Player	Position	Layup	Dunk	Jumpshot	3PT	Pass	ShotContest	DefenseIQ	Jumping	Seperation	Durability	Stamina	Development	Age	Overall	Player ID	Years Remaining	Money	Position Rank	League Rank
Norkute	Center	1	93	86	36	9	27	88	49	94	92	28	54	D+	21	63.24	-1	1	1	0	0
Norkute	Power Forward	2	103	99	51	46	26	97	84	66	94	85	51	D+	25	71.34	-1	1	1	0	0
Norkute	Small Forward	3	101	100	75	34	66	71	60	45	42	81	72	D+	24	56.50	-1	1	1	0	0
Norkute	Shooting Guard	4	68	65	82	72	65	48	62	6	70	30	56	D+	18	60.88	-1	1	1	0	0
Norkute	Point Guard	5	23	16	39	45	51	26	19	13	20	6	91	D+	27	34.65	-1	1	1	0	0
Norkute	Center	1	101	102	16	12	38	60	75	83	99	25	60	D+	22	61.68	-1	1	1	0	0
Norkute	Power Forward	2	98	100	38	34	43	57	42	92	53	42	72	D+	24	55.49	-1	1	1	0	0
Norkute	Small Forward	3	45	45	20	8	17	101	64	37	97	92	86	D+	27	54.23	-1	1	1	0	0
Norkute	Shooting Guard	4	23	23	38	29	5	32	54	21	38	27	80	D+	18	33.78	-1	1	1	0	0
Norkute	Point Guard	5	37	35	15	11	66	21	39	33	23	33	80	D+	22	32.83	-1	1	1	0	0
Norkute	Center	1	93	92	29	9	12	104	65	100	50	77	79	D+	20	61.29	-1	1	1	0	0
Norkute	Power Forward	2	61	55	34	27	17	97	49	45	38	47	66	D+	27	48.67	-1	1	1	0	0
Norkute	Small Forward	3	91	88	29	13	9	40	54	56	67	68	81	D+	26	42.79	-1	1	1	0	0
Norkute	Shooting Guard	4	27	29	63	20	24	29	38	12	21	33	75	D+	21	32.65	-1	1	1	0	0
Norkute	Point Guard	5	33	29	49	43	23	28	26	24	14	66	65	D+	26	31.11	-1	1	1	0	0
Oesa	Player	Position	Layup	Dunk	Jumpshot	3PT	Pass	ShotContest	DefenseIQ	Jumping	Seperation	Durability	Stamina	Development	Age	Overall	Player ID	Years Remaining	Money	Position Rank	League Rank
Oesa	Lekai Modoki	1	74	82	15	20	51	76	25	67	29	47	81	B	24	43.69	546	1	1	197	1110
Oesa	Eipe Hawo	2	82	90	57	56	51	77	73	98	70	50	102	C+	25	73.28	77	1	3	17	119
Oesa	K'ita Senako	3	104	77	87	94	54	84	38	65	72	50	74	C+	22	69.95	220	5	12.2	48	176
Oesa	Pwa Lefinu	4	37	8	95	100	66	82	74	25	84	51	49	D+	25	75.76	101	3	8.4	26	88
Oesa	Hoeki Ulepa	5	13	32	73	67	56	58	63	24	59	46	73	B	24	58.12	756	1	1	117	511
Oesa	aneŋo Ketwi	1	61	68	27	29	7	93	50	47	13	52	62	C	23	42.09	979	1	1	213	1178
Oesa	Tesine Falei	2	55	37	25	26	52	84	38	67	70	52	48	C+	27	54.37	845	1	1	125	641
Oesa	Small Forward #111	3	65	47	57	57	31	45	74	39	13	47	78	C+	28	45.16	519	1	1	193	1047
Oesa	Sitwa Luvepiri	4	73	32	96	98	66	74	51	31	49	46	52	D	23	67.27	89	2	7.3	67	232
Oesa	Pari Tanou	5	5	38	42	37	62	66	41	8	57	45	75	C+	23	47.86	924	1	1	198	925
Oesa	Hana Ieritou	1	95	48	25	26	11	29	22	68	18	50	91	B	20	33.78	928	1	1	257	1314
Oesa	Pwot'e Lanakwi	2	91	58	71	68	45	81	10	8	75	52	54	C+	23	49.45	709	1	1	179	859
Oesa	Small Forward #157	3	28	69	43	44	66	30	36	45	34	50	81	C	28	43.30	1063	1	1	207	1126
Oesa	áz pavútekaš	4	56	49	84	89	48	40	53	8	68	38	69	C+	21	60.16	858	1	1	116	441
Oesa	Point Guard #3	5	60	21	50	53	49	52	44	18	41	48	49	C	28	45.04	1180	1	1	223	1052
Pentadominion	Player	Position	Layup	Dunk	Jumpshot	3PT	Pass	ShotContest	DefenseIQ	Jumping	Seperation	Durability	Stamina	Development	Age	Overall	Player ID	Years Remaining	Money	Position Rank	League Rank
Pentadominion	Center	1	101	101	34	42	66	99	54	95	60	27	48	D+	19	64.93	-1	1	1	0	0
Pentadominion	Power Forward	2	62	57	72	21	45	61	89	60	35	70	51	D+	23	56.55	-1	1	1	0	0
Pentadominion	Small Forward	3	83	83	38	44	44	63	62	53	69	50	92	D+	24	55.98	-1	1	1	0	0
Pentadominion	Shooting Guard	4	104	97	47	49	25	33	40	40	48	72	45	D+	23	41.50	-1	1	1	0	0
Pentadominion	Point Guard	5	17	15	38	40	69	36	22	32	19	66	59	D+	28	38.03	-1	1	1	0	0
Pentadominion	Center	1	96	103	16	13	16	68	84	96	76	26	90	D+	22	62.55	-1	1	1	0	0
Pentadominion	Power Forward	2	57	63	43	6	36	27	56	73	97	13	60	D+	25	54.69	-1	1	1	0	0
Pentadominion	Small Forward	3	17	23	68	77	35	53	37	41	54	36	51	D+	24	50.83	-1	1	1	0	0
Pentadominion	Shooting Guard	4	42	43	41	39	11	19	31	16	80	83	80	D+	22	39.22	-1	1	1	0	0
Pentadominion	Point Guard	5	17	24	15	35	54	22	35	27	26	89	54	D+	18	31.91	-1	1	1	0	0
Pentadominion	Center	1	101	104	14	6	28	58	99	102	63	19	94	D+	28	62.22	-1	1	1	0	0
Pentadominion	Power Forward	2	70	69	32	21	70	80	25	54	63	52	62	D+	26	51.04	-1	1	1	0	0
Pentadominion	Small Forward	3	55	58	67	61	39	86	26	13	21	91	64	D+	28	44.55	-1	1	1	0	0
Pentadominion	Shooting Guard	4	31	28	66	16	54	25	14	24	18	91	47	D+	22	31.80	-1	1	1	0	0
Pentadominion	Point Guard	5	19	17	11	30	42	46	34	23	18	27	73	D+	19	31.86	-1	1	1	0	0
Pqalik	Player	Position	Layup	Dunk	Jumpshot	3PT	Pass	ShotContest	DefenseIQ	Jumping	Seperation	Durability	Stamina	Development	Age	Overall	Player ID	Years Remaining	Money	Position Rank	League Rank
Pqalik	Center	1	96	101	41	9	59	104	54	102	59	5	59	D+	19	64.97	-1	1	1	0	0
Pqalik	Power Forward	2	99	101	87	22	91	104	17	97	72	74	82	D+	23	72.08	-1	1	1	0	0
Pqalik	Small Forward	3	53	45	72	31	64	44	63	24	35	76	52	D+	28	46.97	-1	1	1	0	0
Pqalik	Shooting Guard	4	42	41	55	30	45	28	55	32	58	53	78	D+	27	45.45	-1	1	1	0	0
Pqalik	Point Guard	5	20	23	53	51	82	54	25	30	34	31	48	D+	22	47.70	-1	1	1	0	0
Pqalik	Center	1	97	95	42	50	20	28	103	97	58	84	80	D+	24	61.62	-1	1	1	0	0
Pqalik	Power Forward	2	47	48	37	28	32	51	92	42	71	45	70	D+	19	55.02	-1	1	1	0	0
Pqalik	Small Forward	3	39	42	91	33	26	17	35	38	60	82	71	D+	24	45.06	-1	1	1	0	0
Pqalik	Shooting Guard	4	42	41	33	72	30	29	17	32	57	19	91	D+	24	42.97	-1	1	1	0	0
Pqalik	Point Guard	5	23	15	21	60	91	28	21	33	8	18	66	D+	23	40.11	-1	1	1	0	0
Pqalik	Center	1	103	97	21	10	6	49	71	104	102	12	49	D+	28	60.81	-1	1	1	0	0
Pqalik	Power Forward	2	67	67	24	35	67	39	65	65	64	40	53	D+	23	52.11	-1	1	1	0	0
Pqalik	Small Forward	3	34	29	44	28	43	39	52	42	37	10	83	D+	25	42.24	-1	1	1	0	0
Pqalik	Shooting Guard	4	38	40	53	17	38	27	21	32	34	86	69	D+	25	33.66	-1	1	1	0	0
Pqalik	Point Guard	5	17	24	34	40	67	28	8	10	18	57	48	D+	19	31.89	-1	1	1	0	0
Pyxanovia	Player	Position	Layup	Dunk	Jumpshot	3PT	Pass	ShotContest	DefenseIQ	Jumping	Seperation	Durability	Stamina	Development	Age	Overall	Player ID	Years Remaining	Money	Position Rank	League Rank
Pyxanovia	Koa Savang	1	91	69	26	13	41	66	81	103	60	95	103	B	21	63.33	430	2	3.4	37	341
Pyxanovia	Pyxanovia Player #5	2	51	56	40	41	46	38	63	81	66	53	103	C	23	58.23	356	1	1	98	508
Pyxanovia	Pyxanovia Player #4	3	16	79	101	103	68	101	97	103	104	49	82	C+	28	94.50	453	4	18.5	7	10
Pyxanovia	Zhali Mpetaec	4	53	17	90	93	47	77	74	21	93	49	51	B	28	72.50	196	2	4	33	125
Pyxanovia	Pyxanovia Player #2	5	54	17	99	98	97	76	67	43	57	47	62	C	28	76.45	455	3	2.1	22	76
Pyxanovia	Pyxanovia Player #1	1	99	65	36	43	9	56	78	81	52	45	55	B+	28	55.23	451	1	6	89	611
Pyxanovia	Keanu Thammavong	2	69	88	41	52	38	56	68	67	54	92	88	C	26	57.32	900	1	1	107	539
Pyxanovia	Lae Thammavong	3	41	39	67	79	85	101	75	73	43	28	66	D+	25	70.64	8	2	6.6	42	160
Pyxanovia	Ikaika Kethavongsa	4	48	52	66	71	57	52	62	33	96	40	76	C	21	65.06	129	2	1.8	80	290
Pyxanovia	Phetdum Vongsay	5	64	62	63	96	84	72	80	16	82	98	93	C	26	73.35	353	3	8.8	34	118
Pyxanovia	Center #166	1	74	39	7	10	58	84	77	73	46	52	52	C+	28	54.04	661	1	1	97	658
Pyxanovia	Moke Savang	2	86	87	42	54	73	70	37	64	59	83	66	C	24	56.42	193	3	1.3	113	569
Pyxanovia	Ikaika Tayvihane	3	68	7	88	76	92	19	6	46	79	71	84	B	22	58.54	663	1	1	102	498
Pyxanovia	Height Sagua Player #6	4	16	17	64	58	65	74	77	32	79	46	51	B+	28	63.25	483	1	1	93	343
Pyxanovia	Akamu Cheruene	5	72	31	62	50	99	64	70	92	68	42	67	C+	27	69.16	268	2	9	51	192
Red_Rainbow	Player	Position	Layup	Dunk	Jumpshot	3PT	Pass	ShotContest	DefenseIQ	Jumping	Seperation	Durability	Stamina	Development	Age	Overall	Player ID	Years Remaining	Money	Position Rank	League Rank
Red_Rainbow	Red Rainbow Player #3	1	99	67	56	58	31	68	73	60	68	50	83	C+	28	62.31	46	1	7.8	42	372
Red_Rainbow	Red Rainbow Player #4	2	65	38	59	55	9	78	59	57	49	45	85	C	28	56.73	207	3	1	112	558
Red_Rainbow	Red Rainbow Player #1	3	57	100	94	92	68	73	47	103	73	103	95	C+	28	77.46	199	2	10.2	22	68
Red_Rainbow	Red Rainbow Player #6	4	62	22	77	79	69	15	16	38	68	48	81	B	28	55.93	208	2	1.4	148	585
Red_Rainbow	Red Rainbow Player #2	5	96	26	100	100	116	95	104	37	103	45	99	D	26	95.44	425	3	25	3	9
Red_Rainbow	Center #116	1	69	56	31	30	45	62	58	60	56	50	55	C+	28	50.86	516	1	1	128	808
Red_Rainbow	Red Rainbow Player #10	2	38	53	49	45	40	25	69	89	45	47	48	B	28	52.60	729	1	1	143	730
Red_Rainbow	Red Rainbow Player #8	3	81	74	51	54	96	14	19	15	96	49	70	C	28	51.66	605	1	1	152	776
Red_Rainbow	Shooting Guard #138	4	25	47	60	61	31	27	58	34	76	53	65	C	28	52.08	653	1	1	181	759
Red_Rainbow	Red Rainbow Player #9	5	44	31	25	31	46	76	56	37	45	51	79	C	28	46.64	656	1	1	206	982
Red_Rainbow	Red Rainbow Player #7	1	67	66	29	27	53	74	37	82	23	49	53	D+	28	46.95	209	1	1	164	968
Red_Rainbow	Power Forward #149	2	56	42	36	43	35	62	60	13	45	51	70	C+	28	43.50	1012	1	1	239	1118
Red_Rainbow	Small Forward #110	3	40	62	63	55	41	48	70	46	11	53	77	C+	28	47.04	640	1	1	178	965
Red_Rainbow	Shooting Guard #167	4	41	17	56	61	18	11	53	50	74	51	61	B	28	48.02	1109	1	1	216	917
Red_Rainbow	Point Guard #146	5	41	26	47	48	72	39	47	7	24	45	76	F+	28	44.99	1166	1	1	224	1055
Sagua	Player	Position	Layup	Dunk	Jumpshot	3PT	Pass	ShotContest	DefenseIQ	Jumping	Seperation	Durability	Stamina	Development	Age	Overall	Player ID	Years Remaining	Money	Position Rank	League Rank
Sagua	Vrá Nonhkwaqan	1	84	43	40	37	47	101	86	102	64	54	97	B+	28	73.48	212	1	7.9	8	116
Sagua	Power Forward #157	2	40	38	54	49	40	58	65	46	28	49	64	C+	28	48.49	1006	1	1	188	899
Sagua	Pakomha Pjagwazwi	3	95	36	77	60	58	49	104	94	104	39	103	C	23	79.81	124	1	8	13	42
Sagua	Sagua Player #2	4	70	9	95	77	73	95	83	42	63	52	61	C	28	74.53	424	2	4.3	29	101
Sagua	Pakomha Dakómh	5	33	53	82	100	95	65	50	30	72	95	95	D+	22	72.70	223	2	9	36	122
Sagua	Center #132	1	52	62	63	58	50	88	61	50	44	46	68	C	28	58.36	682	1	1	65	503
Sagua	Pañha Dakómh	2	25	45	65	67	11	60	36	52	30	47	65	C+	24	46.39	1029	1	1	205	997
Sagua	Mavótáfika Vilikó	3	76	84	91	28	58	64	93	92	98	54	47	D+	28	74.09	93	1	8.7	33	108
Sagua	Pakomha Nhoñsła	4	74	19	87	87	35	79	63	7	101	51	94	C+	26	71.50	352	2	5.8	39	143
Sagua	Sagua Player #6	5	40	36	93	86	51	79	36	28	69	50	51	C+	28	61.88	708	1	1	90	388
Sagua	Center #132	1	52	62	63	58	50	88	61	50	44	46	68	C	28	58.36	682	1	1	65	503
Sagua	Mónhin Słanák	2	67	82	32	29	63	22	50	34	83	67	51	D	24	45.78	636	1	1	212	1020
Sagua	Ḿavwápŕi Pimh 	3	12	57	39	94	102	87	64	73	72	70	61	D+	22	72.23	1234	2	5	37	128
Sagua	Sagua Player #3	4	17	41	102	96	35	49	68	41	56	47	100	C+	28	67.35	203	2	2	66	228
Sagua	Bá Qŕámanh	5	84	10	55	37	88	58	80	73	35	51	73	C+	28	60.80	296	3	1.5	100	422
Shmupland	Player	Position	Layup	Dunk	Jumpshot	3PT	Pass	ShotContest	DefenseIQ	Jumping	Seperation	Durability	Stamina	Development	Age	Overall	Player ID	Years Remaining	Money	Position Rank	League Rank
Shmupland	Seong-Su Gang	1	55	73	31	28	26	79	90	118	71	50	46	C+	26	68.31	391	2	7.6	17	209
Shmupland	Sol Jae-Wook	2	75	97	74	78	79	68	62	75	94	57	78	B	26	74.79	85	2	3.1	12	98
Shmupland	Eun Cho	3	84	45	96	104	99	85	85	51	57	48	65	C	23	78.65	229	3	8.3	19	54
Shmupland	Ok Yeong-Jin	4	42	61	61	101	50	70	66	35	92	96	101	B+	24	71.66	87	3	1.4	37	138
Shmupland	No Kwang-Jo	5	50	81	58	69	94	101	90	26	80	17	70	C	23	75.78	51	1	7.6	26	87
Shmupland	Ha Chihu	1	69	51	46	25	35	38	85	92	42	80	90	B	24	56.37	387	1	1.4	76	570
Shmupland	Kwak Chihu	2	57	70	56	58	72	90	85	59	58	61	89	B	25	68.91	357	2	3.8	28	201
Shmupland	Sol Song-Jin	3	5	7	92	58	80	43	80	85	95	102	62	B	24	73.88	175	1	5	34	111
Shmupland	Seong-Hyeon Moon	4	42	19	73	66	54	99	78	37	69	47	62	C+	27	67.25	41	1	3	68	233
Shmupland	Ji-Min Choi	5	6	37	97	104	89	84	35	36	25	49	50	D+	28	67.27	235	1	6.4	61	231
Shmupland	Om Kwang-Jo	1	99	60	16	17	40	102	13	84	67	49	84	C+	28	54.84	344	1	3.5	92	631
Shmupland	Power Forward #146	2	44	36	46	46	57	42	44	65	46	47	82	C+	28	50.12	998	1	1	173	835
Shmupland	Om Kwang-Seok	3	52	40	94	89	43	32	64	50	74	46	77	C	25	63.74	150	1	2.3	72	324
Shmupland	Sagua Player #9	4	53	10	49	47	48	76	81	24	83	46	49	C	28	58.25	543	1	1	129	506
Shmupland	Sol Kwang-Jo	5	56	16	52	26	65	99	50	75	48	38	72	D+	23	57.84	542	1	1	121	526
Solea	Player	Position	Layup	Dunk	Jumpshot	3PT	Pass	ShotContest	DefenseIQ	Jumping	Seperation	Durability	Stamina	Development	Age	Overall	Player ID	Years Remaining	Money	Position Rank	League Rank
Solea	kekh okepekít	1	75	89	34	32	27	70	104	69	49	70	76	D+	22	60.18	381	1	5	54	440
Solea	eneŋ zekek zeilunaven	2	60	45	48	51	33	98	55	96	44	52	89	B	28	64.97	332	2	1.4	50	294
Solea	apseŋ kép tónaqig	3	25	90	74	54	66	101	82	77	98	54	93	B	28	80.04	408	1	6	12	41
Solea	voput epoikez tapnatiš	4	55	17	103	104	99	86	84	16	98	57	73	C	28	86.50	109	2	15	4	16
Solea	enoikh apéka zeilun	5	21	26	99	100	96	76	59	35	82	74	80	B	28	78.27	126	4	18	15	56
Solea	kalassak vekel álutep	1	76	24	47	54	12	98	29	89	56	51	53	D+	28	57.90	855	1	2.4	67	522
Solea	Malo Phoutthasinh	2	25	52	27	32	34	92	26	89	71	47	62	C+	25	57.76	576	1	1	103	528
Solea	pazek lutep kaghišek	3	17	52	96	99	36	92	33	38	84	46	48	C+	26	67.04	825	2	8.6	57	236
Solea	kuŋevok eɰnak gevunáh	4	59	27	83	76	61	72	102	34	97	52	45	D+	28	74.59	394	5	10.8	28	100
Solea	zeppak itehíl tikítákh	5	23	84	72	67	97	68	75	41	67	46	95	C	28	71.93	115	2	9.5	39	133
Solea	kalassak vekel álutep	1	76	24	47	54	12	98	29	89	56	51	53	D+	28	57.90	855	1	2.4	67	522
Solea	kotheket tŋpel eqovkogh	2	76	70	29	29	17	64	40	96	67	45	91	C	28	56.94	374	1	1	110	548
Solea	pazek lutep kaghišek	3	17	52	96	99	36	92	33	38	84	46	48	C+	26	67.04	825	2	8.6	57	236
Solea	Hato Yoshifumi	4	70	17	83	83	38	53	48	24	81	53	57	B	26	61.72	721	1	1	105	397
Solea	pekleɰ tiwan	5	58	5	73	69	84	35	69	28	68	52	101	C+	26	63.76	342	1	8.7	81	323
Teralm	Player	Position	Layup	Dunk	Jumpshot	3PT	Pass	ShotContest	DefenseIQ	Jumping	Seperation	Durability	Stamina	Development	Age	Overall	Player ID	Years Remaining	Money	Position Rank	League Rank
Teralm	Center	1	99	102	34	69	30	102	96	103	87	25	48	D+	19	77.69	-1	1	1	0	0
Teralm	Power Forward	2	95	100	59	28	57	78	78	94	83	58	49	D+	23	71.84	-1	1	1	0	0
Teralm	Small Forward	3	72	69	100	50	77	32	30	23	49	29	50	D+	24	50.80	-1	1	1	0	0
Teralm	Shooting Guard	4	83	81	64	103	19	13	42	21	92	64	47	D+	19	55.40	-1	1	1	0	0
Teralm	Point Guard	5	10	7	55	15	37	41	7	32	45	25	72	D+	25	33.70	-1	1	1	0	0
Teralm	Center	1	97	104	62	14	18	57	85	98	66	72	51	D+	22	62.70	-1	1	1	0	0
Teralm	Power Forward	2	27	31	52	26	54	69	101	59	103	38	72	D+	19	70.76	-1	1	1	0	0
Teralm	Small Forward	3	65	70	24	33	49	49	36	67	48	90	91	D+	22	45.69	-1	1	1	0	0
Teralm	Shooting Guard	4	73	73	57	48	24	31	38	20	66	46	83	D+	22	45.46	-1	1	1	0	0
Teralm	Point Guard	5	14	9	29	42	33	33	25	22	19	11	75	D+	24	31.28	-1	1	1	0	0
Teralm	Center	1	69	68	33	13	27	41	89	97	76	77	80	D+	25	60.82	-1	1	1	0	0
Teralm	Power Forward	2	95	102	60	71	40	66	45	96	37	86	54	D+	19	59.16	-1	1	1	0	0
Teralm	Small Forward	3	100	97	43	6	52	28	56	64	46	58	47	D+	23	42.72	-1	1	1	0	0
Teralm	Shooting Guard	4	12	5	43	51	24	33	11	31	37	46	70	D+	18	35.32	-1	1	1	0	0
Teralm	Point Guard	5	17	21	31	23	55	26	13	32	11	34	86	D+	19	30.41	-1	1	1	0	0
Timbalta	Player	Position	Layup	Dunk	Jumpshot	3PT	Pass	ShotContest	DefenseIQ	Jumping	Seperation	Durability	Stamina	Development	Age	Overall	Player ID	Years Remaining	Money	Position Rank	League Rank
Timbalta	Center	1	70	70	37	12	47	39	96	102	73	61	47	D+	23	61.72	-1	1	1	0	0
Timbalta	Power Forward	2	87	88	48	15	63	89	60	71	50	79	79	D+	25	60.72	-1	1	1	0	0
Timbalta	Small Forward	3	18	15	48	37	42	52	52	44	33	55	57	D+	20	43.23	-1	1	1	0	0
Timbalta	Shooting Guard	4	43	39	40	50	12	78	71	12	31	14	64	D+	22	43.08	-1	1	1	0	0
Timbalta	Point Guard	5	8	7	29	39	74	19	30	46	63	32	86	D+	28	43.43	-1	1	1	0	0
Timbalta	Center	1	97	104	12	5	21	59	78	103	86	15	70	D+	25	61.25	-1	1	1	0	0
Timbalta	Power Forward	2	47	51	54	13	23	48	47	55	68	35	69	D+	19	49.66	-1	1	1	0	0
Timbalta	Small Forward	3	91	89	42	24	5	73	35	32	38	48	94	D+	24	40.07	-1	1	1	0	0
Timbalta	Shooting Guard	4	60	64	30	41	20	52	38	12	15	12	70	D+	28	32.16	-1	1	1	0	0
Timbalta	Point Guard	5	5	9	43	52	71	36	26	34	40	45	56	D+	19	43.40	-1	1	1	0	0
Timbalta	Center	1	104	104	23	33	20	59	66	95	76	20	87	D+	24	60.64	-1	1	1	0	0
Timbalta	Power Forward	2	57	56	25	18	27	56	43	76	55	77	68	D+	20	48.56	-1	1	1	0	0
Timbalta	Small Forward	3	56	55	49	26	27	43	40	18	50	37	76	D+	27	39.41	-1	1	1	0	0
Timbalta	Shooting Guard	4	21	18	47	22	25	15	47	14	19	29	85	D+	19	30.28	-1	1	1	0	0
Timbalta	Point Guard	5	13	11	43	24	63	21	17	10	33	20	66	D+	25	33.10	-1	1	1	0	0
Tjedigar	Player	Position	Layup	Dunk	Jumpshot	3PT	Pass	ShotContest	DefenseIQ	Jumping	Seperation	Durability	Stamina	Development	Age	Overall	Player ID	Years Remaining	Money	Position Rank	League Rank
Tjedigar	Center	1	100	98	57	6	13	81	68	104	70	58	63	D+	27	64.52	-1	1	1	0	0
Tjedigar	Power Forward	2	87	85	5	27	25	52	73	52	81	33	90	D+	26	52.94	-1	1	1	0	0
Tjedigar	Small Forward	3	19	15	64	27	49	30	35	11	77	11	73	D+	28	44.89	-1	1	1	0	0
Tjedigar	Shooting Guard	4	92	89	18	25	44	31	32	27	50	43	86	D+	23	35.85	-1	1	1	0	0
Tjedigar	Point Guard	5	32	30	52	68	61	15	83	37	34	18	90	D+	25	51.99	-1	1	1	0	0
Tjedigar	Center	1	98	97	45	6	79	102	39	103	47	31	82	D+	27	63.12	-1	1	1	0	0
Tjedigar	Power Forward	2	67	72	12	5	46	35	60	63	87	44	82	D+	23	51.29	-1	1	1	0	0
Tjedigar	Small Forward	3	51	45	19	23	32	42	32	58	80	59	85	D+	27	44.64	-1	1	1	0	0
Tjedigar	Shooting Guard	4	7	8	39	42	22	39	12	22	20	30	80	D+	28	30.83	-1	1	1	0	0
Tjedigar	Point Guard	5	39	41	62	47	15	43	26	27	9	82	55	D+	27	33.40	-1	1	1	0	0
Tjedigar	Center	1	100	102	38	40	41	38	97	98	48	80	63	D+	24	59.93	-1	1	1	0	0
Tjedigar	Power Forward	2	93	86	47	19	36	63	54	57	40	46	91	D+	18	50.72	-1	1	1	0	0
Tjedigar	Small Forward	3	25	31	33	39	63	18	41	10	67	46	81	D+	26	41.57	-1	1	1	0	0
Tjedigar	Shooting Guard	4	29	34	39	8	16	42	43	32	28	39	69	D+	28	30.63	-1	1	1	0	0
Tjedigar	Point Guard	5	12	5	34	40	42	29	25	27	5	44	56	D+	27	30.29	-1	1	1	0	0
Transhimalia	Player	Position	Layup	Dunk	Jumpshot	3PT	Pass	ShotContest	DefenseIQ	Jumping	Seperation	Durability	Stamina	Development	Age	Overall	Player ID	Years Remaining	Money	Position Rank	League Rank
Transhimalia	Ogino Tokaji	1	83	94	73	66	75	74	49	85	47	61	98	D+	26	65.86	280	1	1.5	25	264
Transhimalia	Qrux'uhz the Enraged	2	64	84	44	43	44	69	48	77	67	52	68	C	28	59.21	467	2	4.2	89	469
Transhimalia	Kasai Isei	3	51	32	101	102	24	90	90	81	81	63	46	B+	24	78.16	372	1	5	20	58
Transhimalia	The Dimension Slaughterer	4	68	8	102	107	49	86	87	21	103	51	45	C+	28	80.89	300	1	4.5	9	32
Transhimalia	Transhilmalia Player #2	5	98	19	147	96	102	103	99	37	99	46	94	B	28	98.57	216	3	25	2	5
Transhimalia	Iwayanagi Harumi	1	86	103	30	16	16	54	103	96	48	102	81	C	25	59.64	130	1	2.3	61	458
Transhimalia	Mawatari Kane	2	99	93	33	32	39	56	36	99	43	45	95	C+	25	54.04	92	1	4	130	658
Transhimalia	King Kalassak	3	85	25	104	95	39	83	83	72	53	53	83	D+	28	74.15	468	1	8.8	32	107
Transhimalia	Kmeav'hsoe the Wretched	4	47	20	68	67	61	97	43	33	78	50	103	C	28	66.70	479	1	1	69	248
Transhimalia	Steve Masuhiro	5	55	35	100	101	97	80	79	13	85	75	94	C+	24	82.20	470	5	17.6	9	26
Transhimalia	Center #135	1	35	54	9	7	7	103	69	71	55	49	66	C	28	54.10	831	1	1	96	656
Transhimalia	Transhilmalia Player #8	2	78	47	60	55	16	57	30	59	74	54	48	B	28	52.47	859	1	1	145	734
Transhimalia	Lvieknim Yuji	3	73	96	92	66	50	84	38	90	72	55	68	C	23	69.39	355	1	11	49	187
Transhimalia	Ceokmihza the Igniter	4	86	39	94	85	54	43	91	94	9	53	90	C	28	65.04	478	1	1	81	291
Transhimalia	Fujikawa Masuhiro	5	68	28	55	40	102	93	102	73	80	50	99	B	25	78.00	365	3	10.8	17	61
Tri_National_Dominion	Player	Position	Layup	Dunk	Jumpshot	3PT	Pass	ShotContest	DefenseIQ	Jumping	Seperation	Durability	Stamina	Development	Age	Overall	Player ID	Years Remaining	Money	Position Rank	League Rank
Tri_National_Dominion	Tri_National_Dominion Player #1	1	101	60	21	19	54	97	84	124	60	51	54	C+	28	70.09	346	3	10.2	13	170
Tri_National_Dominion	Asser Steinbauer	2	85	96	71	65	38	78	84	75	62	40	93	C+	22	70.93	314	3	6.4	21	153
Tri_National_Dominion	Carsten Meyer	3	21	60	46	87	90	83	51	27	99	10	89	C+	21	70.08	510	2	8.8	44	172
Tri_National_Dominion	Tri_National_Dominion Player #2	4	66	32	90	89	56	65	81	29	78	53	82	C+	28	72.41	54	2	5.2	34	126
Tri_National_Dominion	Hannes Ehrenstein	5	58	20	79	90	82	61	74	21	68	38	80	C	22	69.87	263	3	8.7	49	178
Tri_National_Dominion	Gerard Holzer	1	95	88	64	63	51	57	45	98	64	46	82	B	27	63.93	61	3	7.5	32	316
Tri_National_Dominion	Reinhard Waldstein	2	68	84	43	24	45	82	80	92	57	81	92	B	24	66.94	457	1	1	36	243
Tri_National_Dominion	Carsten Meyer	3	21	60	46	87	90	83	51	27	99	10	89	C+	21	70.08	510	2	8.8	44	172
Tri_National_Dominion	Niko Stengel	4	69	8	92	88	52	75	72	15	82	52	73	B+	27	71.31	219	4	9.9	41	146
Tri_National_Dominion	Tri_National_Dominion Player #3	5	49	17	81	83	80	70	67	39	74	47	45	C	28	68.96	359	1	7.4	53	197
Tri_National_Dominion	Alfred Habicht	1	86	103	21	32	45	100	45	92	67	65	82	B	25	62.76	24	2	4.2	39	360
Tri_National_Dominion	Jonathan Wagenseil	2	87	63	45	44	53	40	81	91	57	99	74	C+	22	61.55	286	3	1	76	402
Tri_National_Dominion	Volker Kluck	3	35	40	95	103	47	49	58	48	84	53	45	C	25	66.94	299	2	2	61	242
Tri_National_Dominion	Alwin Gradl	4	42	16	88	85	69	67	60	42	82	49	58	C	25	70.88	426	3	3	45	155
Tri_National_Dominion	LeBryon James	5	101	73	60	60	106	73	63	16	58	84	49	C+	28	64.89	350	1	8.9	75	298
Wyverncliff	Player	Position	Layup	Dunk	Jumpshot	3PT	Pass	ShotContest	DefenseIQ	Jumping	Seperation	Durability	Stamina	Development	Age	Overall	Player ID	Years Remaining	Money	Position Rank	League Rank
Wyverncliff	Thomas Skinner	1	55	100	43	18	53	66	69	150	66	29	84	C	19	72.00	1240	2	5	9	130
Wyverncliff	Trevor Oosterhout	2	117	79	99	32	54	111	113	126	115	48	85	D+	28	99.99	31	4	10.1	2	1
Wyverncliff	Jesse McSteve	3	96	72	94	78	65	101	96	85	75	47	91	D	27	83.91	16	1	15	10	21
Wyverncliff	Sachie Snijder	4	57	14	103	98	83	75	84	37	97	47	69	B	28	83.60	469	1	12.5	6	22
Wyverncliff	Xavier Wilcox	5	58	10	60	72	79	89	58	91	56	41	60	C+	23	68.40	58	1	8	55	208
Wyverncliff	Yoade Perch	1	103	69	30	9	37	68	62	79	73	45	46	B	22	56.15	43	1	5	78	576
Wyverncliff	Quinten Grabochov	2	85	62	58	15	45	39	46	96	84	41	49	B+	22	59.29	143	3	6.7	87	466
Wyverncliff	Asher Turner	3	83	34	73	74	72	96	102	86	79	52	60	C	27	80.49	32	2	16	11	37
Wyverncliff	Selby Schneiders	4	62	31	102	103	58	99	70	15	100	49	52	C+	28	80.24	33	3	14	13	40
Wyverncliff	Dimitri Lolant	5	27	8	100	99	53	78	38	43	37	50	66	C+	27	63.13	149	1	5.4	85	345
Wyverncliff	Steve Lolant	1	78	103	36	40	31	46	78	76	46	9	58	D	24	53.29	11	3	4.4	105	699
Wyverncliff	Dimitri Ebron	2	89	78	62	62	51	36	39	73	73	46	103	C	28	59.03	225	1	1	91	476
Wyverncliff	Matthew Grabochov	3	33	82	93	86	70	81	75	69	82	53	90	C+	26	78.96	139	3	12.5	14	47
Wyverncliff	Brian Lolant	4	27	26	100	79	82	71	75	44	98	84	52	C	24	77.90	155	3	15.3	19	62
Wyverncliff	Zac Lolant	5	76	30	56	25	101	62	42	75	65	22	90	B	25	60.89	95	3	5.8	99	421
