Aahrus Moosi	Player	Position	Layup	Dunk	Jumpshot	3PT	Pass	ShotContest	DefenseIQ	Jumping	Seperation	Durability	Stamina	Development	Age	Overall	Player ID	Years Remaining	Money	Position Rank	League Rank
Loviniosa	Ikaika Savang	1	175	94	25	7	56	104	84	159	117	71	95	D+	30	89.83	421	-3	1	12	167
Aiyota	Yombeen	2	114	143	80	38	57	99	109	132	108	53	113	B	31	98.17	0	-1	1	9	80
Dotruga	Alubembi Hadosa	3	112	107	116	66	66	90	115	73	102	66	83	B	30	89.94	278	-1	1	35	165
Height_Sagua	Vanhik Slivókŕámhomhók	4	101	43	147	124	106	129	108	15	114	58	106	C	30	99.99	200	-3	1	2	1
Bielosia	Venniti Flautika	5	20	30	109	106	109	39	71	30	115	51	69	C	31	81.73	3	1	16.3	80	296
Aeridani	Yamazaki Meiji	1	94	97	30	32	28	89	88	98	81	97	90	F	21	71.38	1423	1	1	86	544
Bielosia	Phetdum Phanivong	2	72	55	57	68	85	92	51	99	73	38	68	C	31	73.79	930	-1	1	94	474
Aeridani	Kawata Hirokazu	3	86	100	81	94	52	72	98	72	79	75	108	C+	26	79.18	6	-1	1	61	332
Darvincia	Kardo Gasbërr	4	62	43	100	98	74	88	71	24	100	46	82	C	25	82.31	2	2	17.6	78	286
Ethanthova	Gerard Mortlock	5	46	33	105	107	93	72	72	22	88	82	74	C	27	80.54	13	1	1	84	314
Aeridani	Yamazaki Senichi	1	117	107	19	19	23	99	66	86	83	25	102	D+	26	66.41	265	0	1	111	707
Dotruga	Tugano Klabotrisei	2	97	97	68	24	33	71	84	97	75	77	86	F	21	72.01	1446	1	1	107	518
Blaist_Blaland	Blaki Faraulik	3	66	94	97	22	62	91	100	71	77	23	96	F	22	76.00	1358	1	1	82	417
Bielosia	Markoli Strawlo	4	60	42	110	101	72	85	89	13	90	46	51	C+	30	81.57	399	1	1	80	298
Aahrus	Aahrus Player #10	5	25	67	101	117	98	69	35	9	69	45	57	D+	31	72.75	4	-1	1	108	502
Auspikitan Golden Falcons	Player	Position	Layup	Dunk	Jumpshot	3PT	Pass	ShotContest	DefenseIQ	Jumping	Seperation	Durability	Stamina	Development	Age	Overall	Player ID	Years Remaining	Money	Position Rank	League Rank
Aiyota	Yadingallie	1	123	89	14	6	43	97	124	142	66	49	64	C	28	78.56	15	-1	1	48	350
Dotruga	Okaget Mabipet	2	113	102	93	81	107	120	90	110	116	47	81	C+	27	99.99	290	1	1	2	1
Dotruga	Sago Alodetsei	3	108	30	118	112	117	110	107	94	131	59	85	D+	31	99.99	393	1	1	2	1
Ethanthova	Rusty Berry	4	57	89	117	113	93	109	110	31	130	27	84	C+	28	99.99	431	-3	1	2	1
Wyverncliff	Xavier Wilcox	5	90	15	119	98	140	100	81	110	102	74	70	C+	28	99.99	58	1	1	2	1
Key_to_Don	Naqánkló Qjodlonhámh	1	101	103	40	14	32	109	70	109	98	48	90	B+	29	76.49	25	1	1	72	413
Aiyota	Jumpe	2	99	88	90	65	41	114	52	138	81	52	76	B	31	87.05	59	-3	1	33	202
Holy_Yektonisa	Phetdum Bouvanaat 	3	121	82	102	83	78	96	82	102	132	62	99	D+	23	97.27	1238	-1	1	18	88
Blaist_Blaland	Lato Ikro	4	123	93	118	131	81	110	78	17	98	63	69	C+	26	93.70	17	1	1	38	121
Aeridani	Point Guard #131	5	62	47	111	48	139	97	83	66	96	52	92	B	33	91.37	28	-3	1	45	146
Tri_National_Dominion	Alfred Habicht	1	105	150	28	40	45	100	58	122	79	74	96	B	29	74.49	24	-1	1	78	450
Blaist_Blaland	Blanaxon Player #3	2	82	55	79	66	27	119	82	113	63	65	77	C+	32	82.71	153	-1	1	49	280
Czalliso	lu	3	66	47	93	86	30	64	98	92	65	45	78	C	32	73.95	315	-1	1	97	465
Sagua	Sagua Player #2	4	70	21	127	99	106	114	89	49	81	59	61	C	32	93.43	424	-1	1	40	127
Ethanthova	Calvin Hayhurst	5	69	32	62	90	143	103	77	58	93	35	96	A	25	90.55	1196	-1	1	47	154
Calto Cows	Player	Position	Layup	Dunk	Jumpshot	3PT	Pass	ShotContest	DefenseIQ	Jumping	Seperation	Durability	Stamina	Development	Age	Overall	Player ID	Years Remaining	Money	Position Rank	League Rank
Holykol	vo	1	100	60	57	64	86	85	100	99	78	50	85	C+	31	81.37	30	1	1	29	300
Bielosia	Analu Vatthana	2	112	118	89	53	52	117	111	122	75	62	86	B	28	93.62	37	1	1	13	123
Wyverncliff	Juri Perch	3	95	119	93	111	92	65	140	135	89	98	92	C+	29	99.94	388	-3	1	12	68
Bielosia	Keahi Savang	4	83	97	109	101	122	73	113	93	92	74	105	C	29	98.97	416	1	1	22	72
Ethanthova	Michael Barnett	5	100	49	96	117	133	105	85	55	110	54	87	D+	30	99.99	36	-1	1	2	1
Dotruga	Alukeili Asoertotrisei	1	90	110	43	42	76	106	86	106	75	59	76	B+	28	78.73	35	1	4.9	47	343
Aeridani	Kompasu Yasuoka	2	92	79	51	45	76	76	99	115	105	39	59	C+	32	84.06	540	-3	1	42	250
Wyverncliff	Dalton Ariesen	3	67	107	101	111	96	100	105	90	69	65	62	C	30	91.06	39	-1	1	33	152
Holy_Yektonisa	Holy Yektonesia Player #3	4	68	35	114	133	76	50	96	16	145	59	85	C+	33	95.78	308	-3	1	29	105
Lyintaria	Xaisomboun Saengsavang	5	72	47	125	113	120	71	118	34	98	43	101	B	27	98.76	44	-3	1	30	76
Dotruga	Sagolnasei Korsobo	1	114	69	34	21	29	103	103	117	68	47	55	C	31	74.51	376	-3	1	76	448
Height_Sagua	Nopá Kánpovragá	2	77	84	45	47	40	108	78	102	55	53	110	B	31	74.43	123	1	1	88	452
Barsein	Small Forward #178	3	45	63	19	15	28	46	29	68	48	52	84	C+	28	38.98	1064	1	1	193	1046
Wyverncliff	Selby Schneiders	4	69	55	120	138	69	106	70	26	118	49	60	C+	31	95.04	33	1	1	31	109
Dtersauuw_Sagua	Its'a Lełqutyi	5	59	24	99	104	115	88	77	9	99	50	72	C	33	86.45	34	-3	1	65	215
Height Sagua Cats	Player	Position	Layup	Dunk	Jumpshot	3PT	Pass	ShotContest	DefenseIQ	Jumping	Seperation	Durability	Stamina	Development	Age	Overall	Player ID	Years Remaining	Money	Position Rank	League Rank
Loviniosa	Ikaika Savang	1	175	94	25	7	56	104	84	159	117	71	95	D+	30	89.83	421	-3	1	12	167
Tri_National_Dominion	Reinhard Waldstein	2	107	123	76	24	55	129	111	149	95	96	98	B	29	99.99	457	1	1	2	1
Dotruga	Atumundikeili Halapodetsei	3	57	79	136	99	54	123	99	132	54	104	101	B	30	95.75	56	-1	1	22	107
Blaist_Blaland	Tixen Prokol	4	116	41	129	113	94	96	90	20	98	60	82	B+	30	94.82	185	1	1	32	112
Ethanthova	Laurence Chandler	5	76	104	82	88	145	132	113	74	117	53	101	B	32	99.99	50	-3	1	2	1
Red_Rainbow	Red Rainbow Player #3	1	118	117	70	58	41	72	100	81	90	50	119	C+	33	78.82	46	-3	1	45	341
Aiyota	Jumpe	2	99	88	90	65	41	114	52	138	81	52	76	B	31	87.05	59	-3	1	33	202
Dtersauuw_Sagua	Tsekon Wap't'ebw	3	79	99	98	95	26	113	52	65	87	59	107	C	26	78.57	434	1	1	64	344
Tri_National_Dominion	Tri_National_Dominion Player #2	4	72	44	113	101	61	73	81	29	95	59	94	C+	32	82.98	54	-1	1	74	276
Shmupland	No Kwang-Jo	5	79	106	96	97	165	123	108	52	130	30	91	C	28	99.99	51	-3	1	2	1
Bielosia	Lilo Vatthana	1	136	126	33	19	54	64	105	133	75	60	96	C	26	76.50	167	1	1	70	411
Aeridani	Hvanne Takakazu	2	84	126	65	60	55	67	93	116	73	52	62	C	31	78.22	47	1	9.3	67	354
Height_Sagua	Height Sagua Player #3	3	94	101	82	73	60	60	69	95	97	52	89	C+	32	77.11	48	-1	1	72	382
Dotruga	Omumiba Ektxr	4	79	46	92	80	85	98	83	29	103	53	75	D+	29	82.90	409	1	1	76	278
Dotruga	Versi Alovek	5	82	81	107	77	144	110	84	96	114	43	86	C+	26	99.99	160	-3	1	2	1
Key to Don Yees	Player	Position	Layup	Dunk	Jumpshot	3PT	Pass	ShotContest	DefenseIQ	Jumping	Seperation	Durability	Stamina	Development	Age	Overall	Player ID	Years Remaining	Money	Position Rank	League Rank
Lyintaria	Analu Cheruene	1	131	119	40	11	53	94	103	100	103	74	98	B	26	80.83	464	1	1	33	306
Dotruga	Kapel Hilo	2	115	128	54	51	38	83	92	122	91	54	104	B	27	84.04	62	0	1	44	254
Transhimalia	Lvieknim Yuji	3	95	116	117	72	57	98	43	111	103	63	80	C	28	85.50	355	-3	1	41	227
Tri_National_Dominion	Stephan Hutto	4	96	36	147	140	71	80	119	45	100	45	92	C+	27	99.99	71	-3	1	2	1
Lyintaria	Wongduan Sengtavisouk	5	120	29	116	92	143	83	78	60	138	92	107	C+	26	99.99	368	-3	1	2	1
Red_Rainbow	Red Rainbow Player #3	1	118	117	70	58	41	72	100	81	90	50	119	C+	33	78.82	46	-3	1	45	341
Holykol	kaf	2	92	95	80	27	40	58	99	92	96	46	85	F	25	77.27	1299	-1	1	68	375
Aahrus	Aahrus Player #5	3	19	96	115	99	15	36	103	96	109	52	93	C	31	83.13	340	-1	1	53	273
Holykol	la	4	85	23	113	105	92	122	60	41	118	51	70	B	31	94.27	64	1	1	36	118
Dotruga	Kaliso Hatemosei	5	69	52	78	79	134	88	97	61	93	17	74	C	27	89.42	65	-1	1	51	172
Wyverncliff	Yoade Perch	1	144	95	39	9	42	68	107	124	95	50	59	B	26	76.75	43	1	1	61	388
Darvincia	Cabodu Kanix	2	93	110	91	49	54	80	67	85	67	74	103	C	24	74.37	198	1	1	90	458
Holykol	hax	3	46	87	116	104	31	97	75	25	81	63	87	C	33	76.67	428	-3	1	74	397
Tri_National_Dominion	Edgar Fichtner	4	22	28	121	102	49	61	70	36	137	60	126	B	29	88.97	157	1	1	50	180
Aeridani	Yukiyama Yujiro	5	47	31	100	47	99	54	100	29	62	9	69	F	23	71.63	1331	0	1	114	530
Manwx Saguans	Player	Position	Layup	Dunk	Jumpshot	3PT	Pass	ShotContest	DefenseIQ	Jumping	Seperation	Durability	Stamina	Development	Age	Overall	Player ID	Years Remaining	Money	Position Rank	League Rank
Dotruga	Kiromi Kersidomobek	1	133	36	31	5	37	79	90	113	116	50	81	C+	27	77.36	88	1	2.7	58	372
Shmupland	Sol Jae-Wook	2	91	147	93	89	88	79	68	112	117	57	88	B	30	92.68	85	-1	1	17	136
Blaist_Blaland	Small Forward #143	3	91	70	120	77	100	96	103	63	112	51	81	B	32	94.93	188	-1	1	24	110
Czalliso	pot	4	88	86	132	136	98	97	115	47	140	55	115	C+	29	99.99	140	-3	1	2	1
Ethanthova	Errol James	5	86	46	83	86	128	95	72	54	133	61	99	C	31	93.01	306	-3	1	43	131
Aeridani	Yamazaki Meiji	1	94	97	30	32	28	89	88	98	81	97	90	F	24	71.38	1295	-1	1	86	544
Aeridani	Msenne Prai	2	42	100	36	45	55	101	112	108	83	53	94	C	33	83.73	112	-3	1	46	263
Sagua	Ḿavwápŕi Pimh 	3	51	79	67	111	117	104	77	105	80	76	78	D+	26	89.76	1234	-1	1	37	169
Shmupland	Ok Yeong-Jin	4	60	87	88	132	66	100	83	39	108	96	123	B+	27	92.67	87	1	1	43	137
Aeridani	Yasutake Yasuoka	5	46	58	95	88	126	96	68	64	89	51	58	C	28	87.24	131	1	1	62	198
Blaist_Blaland	Ixbla Ixau	1	98	97	29	46	58	84	92	98	32	71	96	F	25	65.84	1302	-1	1	113	722
Auspikitan	Power Forward #153	2	56	13	48	50	63	29	34	47	42	48	82	C	29	43.93	1023	0	1	192	984
Blaist_Blaland	Blanaxon Player #5	3	95	41	102	98	77	82	85	14	99	45	73	C	33	79.89	325	-3	1	59	323
Oesa	Sitwa Luvepiri	4	77	32	96	98	71	74	57	33	49	46	54	D	24	68.90	89	1	1	138	607
Ethanthova	Nathaniel Bate	5	47	52	109	110	117	73	54	23	88	23	99	C	27	84.55	217	-3	1	69	245
Sagua Ocelots	Player	Position	Layup	Dunk	Jumpshot	3PT	Pass	ShotContest	DefenseIQ	Jumping	Seperation	Durability	Stamina	Development	Age	Overall	Player ID	Years Remaining	Money	Position Rank	League Rank
Wyverncliff	Thomas Skinner	1	89	136	72	28	53	79	83	197	84	35	90	C	23	91.60	1240	-1	1	8	144
Aeridani	Msenne Prai	2	42	100	36	45	55	101	112	108	83	53	94	C	33	83.73	112	-3	1	46	263
Aeridani	Murata Sofu	3	112	90	121	110	30	81	96	127	102	40	66	B	27	92.82	206	-3	1	30	134
Sagua	Pakomha Nhoñsła	4	80	43	116	107	62	94	96	20	135	51	113	C+	30	95.83	352	-1	1	27	101
Ethanthova	Michael Barnett	5	100	49	96	117	133	105	85	55	110	54	87	D+	30	99.99	36	-1	1	2	1
Transhimalia	Ogino Tokaji	1	103	115	79	71	78	92	61	105	61	67	98	D+	29	77.71	280	-1	1	52	360
Blaist_Blaland	Hjenax Auproda	2	94	96	62	12	43	94	92	95	86	37	70	F	21	76.68	1430	1	1	73	393
Blaist_Blaland	Blaki Faraulik	3	66	94	97	22	62	91	100	71	77	23	96	F	24	76.00	1294	-1	1	82	417
Aiyota	Moonoriguna	4	84	88	98	80	94	89	50	31	80	70	95	F	22	77.59	1361	1	1	87	362
Ethanthova	Gerard Mortlock	5	46	33	105	107	93	72	72	22	88	82	74	C	27	80.54	13	1	1	84	314
Blaist_Blaland	Sopratyabla Kaxfar	1	90	99	43	12	44	80	41	92	99	96	83	F	25	65.53	1303	-1	1	118	733
Barsein	E'àǵay Nnoncàśénreskèc	2	78	61	47	39	86	79	67	97	85	54	120	C	27	75.95	945	-1	1	77	422
Dotruga	Alomibamobei Osadolsei	3	46	16	101	72	45	65	89	22	89	54	85	B	23	70.65	102	1	1	110	561
Aeridani	Hvanne Aeridaniok	4	85	60	112	98	66	78	74	21	73	19	62	C+	32	76.84	94	-1	1	93	386
Holykol	hex	5	25	30	108	82	86	73	74	44	105	45	79	C+	32	80.29	105	-1	1	86	316
Solea Geysers	Player	Position	Layup	Dunk	Jumpshot	3PT	Pass	ShotContest	DefenseIQ	Jumping	Seperation	Durability	Stamina	Development	Age	Overall	Player ID	Years Remaining	Money	Position Rank	League Rank
Dotruga	Alomundi Bituna	1	114	47	64	52	81	84	98	102	101	64	84	C+	22	85.13	106	1	1	23	240
Darvincia	Hënila Ūnā	2	74	109	79	57	92	87	109	114	119	48	89	C+	33	96.87	107	-3	1	11	92
Bielosia	Kersok Milan	3	95	37	145	139	95	103	106	20	120	59	71	D	31	99.99	108	1	25	2	1
Bielosia	Paxathipatai Sengtavisouk	4	96	72	132	111	65	71	83	47	75	64	103	C	28	86.87	98	-1	1	58	205
Auspikitan	Makiaipisi Fana	5	110	69	120	123	114	77	100	46	127	56	99	B	30	99.99	110	-1	1	2	1
Ethanthova	Colin Hutchison	1	105	49	32	37	25	103	110	138	67	48	91	C	32	81.30	91	-3	1	31	304
Shmupland	Kwak Chihu	2	90	96	89	67	87	111	113	109	64	65	101	B	29	92.64	357	-1	1	18	139
Blaist_Blaland	Zaxkla Kolpauxso	3	96	90	98	46	59	78	62	59	68	7	98	F	24	68.88	1320	0	1	121	610
Aiyota	Moonoriguna	4	84	88	98	80	94	89	50	31	80	70	95	F	24	77.59	1296	-1	1	87	362
Nausicaa	Ḿavwápŕi Sŕóniqńoqi	5	79	19	83	61	95	70	109	107	102	23	64	C+	23	83.96	120	0	1	75	259
Aiyota	Yadingallie	1	123	89	14	6	43	97	124	142	66	49	64	C	28	78.56	15	-1	1	48	350
Solea	eneŋ zekek zeilunaven	2	87	72	78	51	39	129	73	158	67	58	109	B	32	92.61	332	-1	1	20	141
Transhimalia	Ienaga Ethanthovok	3	98	95	79	28	63	38	87	86	88	14	64	F	22	67.48	1378	1	1	134	677
Blaist_Blaland	Noxku Dazaxka	4	79	61	75	97	72	94	40	11	99	22	76	F	21	73.82	1370	1	1	98	470
Solea	zeppak itehíl tikítákh	5	30	88	75	67	102	81	75	41	70	46	98	C	32	75.60	115	-1	1	101	431
Autolik Autonomy	Player	Position	Layup	Dunk	Jumpshot	3PT	Pass	ShotContest	DefenseIQ	Jumping	Seperation	Durability	Stamina	Development	Age	Overall	Player ID	Years Remaining	Money	Position Rank	League Rank
Lyintaria	Keahi Genevong	1	111	110	52	38	38	88	83	120	77	23	64	C	28	75.50	134	1	6.4	73	434
Height_Sagua	Nopá Kánpovragá	2	77	84	45	47	40	108	78	102	55	53	110	B	31	74.43	123	1	1	88	452
Sagua	Pakomha Pjagwazwi	3	149	56	120	66	78	75	139	122	156	44	116	C	28	99.99	124	-3	1	2	1
Pyxanovia	Ikaika Kethavongsa	4	81	84	113	88	87	86	96	40	129	40	98	C	25	94.31	129	-1	1	34	116
Dotruga	Paparto Subeina	5	118	30	81	97	133	72	78	49	115	46	93	C+	31	90.35	276	1	1	49	156
Blaist_Blaland	Sopratyabla Kaxfar	1	90	99	43	12	44	80	41	92	99	96	83	F	22	65.53	1434	1	1	118	733
Blaist_Blaland	Pitro Tenopro	2	51	117	55	43	55	70	63	108	79	48	95	D+	30	73.09	249	-3	1	99	488
Sagua	Nopá Nonhkwaqan	3	103	52	104	106	52	51	70	113	89	101	87	D+	26	82.25	127	1	1	55	287
Bielosia	Palani Phomsouvanh	4	73	48	102	95	56	109	80	37	104	56	80	C+	28	85.17	27	0	1	66	235
Barsein	Okada Sumiteru	5	90	40	85	99	115	81	72	48	114	97	93	D+	26	88.03	335	-1	1	58	192
Aeridani	Dwab Itsok	1	38	93	19	17	19	95	82	101	56	45	48	D	31	62.01	810	-1	1	134	801
Holykol	noe	2	88	96	71	58	65	74	57	94	77	75	84	F	22	72.77	1364	1	1	101	500
Blaist_Blaland	Sovtanzax Uxyakro	3	79	77	82	100	16	70	99	39	47	95	115	C	31	66.57	210	0	1	144	702
Blaist_Blaland	Noxku Dazaxka	4	79	61	75	97	72	94	40	11	99	22	76	F	22	73.82	1309	0	1	98	470
Solea	enoikh apéka zeilun	5	29	26	112	111	121	76	71	35	82	74	80	B	31	87.41	126	1	18	61	197
Barsein Bats	Player	Position	Layup	Dunk	Jumpshot	3PT	Pass	ShotContest	DefenseIQ	Jumping	Seperation	Durability	Stamina	Development	Age	Overall	Player ID	Years Remaining	Money	Position Rank	League Rank
Dotruga	Abosa Aludetsei 	1	87	58	21	16	26	113	119	159	79	67	72	B	26	85.53	1201	-1	1	21	225
Blaist_Blaland	Kolpa Uxyakro	2	110	98	66	69	23	84	84	125	74	59	105	B	26	81.87	412	1	1	53	290
Wyverncliff	Matthew Grabochov	3	57	105	128	105	86	94	88	86	87	53	101	C+	29	94.71	139	1	1	26	114
Czalliso	pot	4	88	86	132	136	98	97	115	47	140	55	115	C+	29	99.99	140	-3	1	2	1
Dotruga	Danomobei Subeina	5	86	50	72	57	141	126	122	56	97	67	72	C+	33	96.18	141	-3	1	38	98
Loviniosa	Keon Saengsavang	1	101	91	28	21	16	106	91	109	91	61	65	D+	28	74.77	137	1	1	74	442
Loviniosa	Keahi Saengsavang	2	110	93	33	62	60	82	76	106	105	50	81	C	28	79.29	138	-1	1	64	330
Shmupland	Sol Young-Chul 	3	105	101	63	90	83	69	70	12	121	72	109	C	25	76.57	1202	1	1	76	401
Bielosia	Aulii Thonemany	4	113	97	146	112	60	79	61	43	62	15	102	C+	26	84.65	144	1	3.8	71	244
Loviniosa	Keahi Siyavong	5	40	52	109	123	105	58	75	66	110	56	77	B	28	89.24	148	1	6.5	53	176
Aiyota	Yembeane	1	93	70	37	15	24	85	113	113	72	92	72	C+	28	73.50	145	-3	1	82	476
Bielosia	Phetdum Somphonpadee	2	101	98	89	76	53	81	46	102	90	25	61	C+	26	77.19	20	1	1	72	381
Blaist_Blaland	Blaki Faraulik	3	66	94	97	22	62	91	100	71	77	23	96	F	22	76.00	1358	1	1	82	417
Aeridani	Hvanne Aeridaniok	4	85	60	112	98	66	78	74	21	73	19	62	C+	32	76.84	94	-1	1	93	386
Aiyota	Cagi	5	47	45	92	96	86	55	75	38	65	63	86	F	23	73.34	1382	1	1	104	478
Blanaxon Hammers	Player	Position	Layup	Dunk	Jumpshot	3PT	Pass	ShotContest	DefenseIQ	Jumping	Seperation	Durability	Stamina	Development	Age	Overall	Player ID	Years Remaining	Money	Position Rank	League Rank
Dtersauuw_Sagua	P'uyo Unup'a	1	96	82	54	36	27	90	92	95	101	86	76	C+	28	77.36	165	1	1	56	370
Dotruga	Kibibei Hatemosei	2	114	113	57	21	40	103	105	112	105	92	100	C+	27	88.05	228	1	1	31	190
Wyverncliff	Matthew Grabochov	3	57	105	128	105	86	94	88	86	87	53	101	C+	29	94.71	139	1	1	26	114
Dotruga	Iklo Eloalerko 	4	115	88	110	95	60	115	109	63	123	79	101	C	23	97.90	1215	-1	1	24	86
Dotruga	Versi Alovek	5	82	81	107	77	144	110	84	96	114	43	86	C+	26	99.99	160	-3	1	2	1
Shmupland	Ha Chihu	1	99	81	60	25	35	38	96	134	64	86	95	B	27	70.83	387	-1	1	90	558
Dotruga	Osiei Bituna	2	97	96	29	29	28	136	107	122	85	56	59	B	32	85.38	178	-1	1	40	231
Aeridani	Nobira Nariaki	3	107	77	70	72	131	47	103	109	104	57	103	C	28	89.76	154	1	20	39	171
Tri_National_Dominion	Edgar Fichtner	4	22	28	121	102	49	61	70	36	137	60	126	B	29	88.97	157	1	1	50	180
Darvincia	Baker	5	17	30	83	77	92	59	63	38	100	47	78	D+	31	72.67	156	1	12.3	109	506
Tri_National_Dominion	Ingo Gradl	1	114	140	67	39	53	112	41	117	43	56	73	C	30	69.89	472	-3	1	95	587
Ethanthova	Iggy Bolter	2	72	70	72	36	72	91	58	135	62	52	110	C+	27	79.93	164	0	1	62	321
Dtersauuw_Sagua	Tsekon Wap't'ebw	3	79	99	98	95	26	113	52	65	87	59	107	C	26	78.57	434	1	1	64	344
Wyverncliff	Brian Lolant	4	27	34	115	93	85	81	85	44	106	84	56	C	27	86.76	155	1	1	62	211
Darvincia	Item	5	49	34	78	88	68	80	56	46	111	53	51	D+	31	72.00	86	-1	1	112	521
Kaeshar Kaisers	Player	Position	Layup	Dunk	Jumpshot	3PT	Pass	ShotContest	DefenseIQ	Jumping	Seperation	Durability	Stamina	Development	Age	Overall	Player ID	Years Remaining	Money	Position Rank	League Rank
Dotruga	Abosa Aludetsei 	1	87	58	21	16	26	113	119	159	79	67	72	B	26	85.53	1201	-1	1	21	225
Blaist_Blaland	Uxnax Prokexov	2	122	65	52	52	48	75	78	125	130	65	120	B	28	89.33	181	-1	1	26	174
Shmupland	Sol Song-Jin	3	64	61	128	81	109	54	99	104	130	109	79	B	29	98.56	175	-3	1	16	78
Barsein	Akamine Naizen	4	77	77	152	123	83	81	105	31	142	58	105	C	29	99.99	170	-1	1	2	1
Shmupland	No Kwang-Jo	5	79	106	96	97	165	123	108	52	130	30	91	C	28	99.99	51	-3	1	2	1
Blaist_Blaland	Pixtij Lekaxo	1	139	113	59	30	38	93	97	121	62	64	66	B	28	76.65	242	1	1	66	399
Dotruga	Osiei Bituna	2	97	96	29	29	28	136	107	122	85	56	59	B	32	85.38	178	-1	1	40	231
Barsein	Uelv Lganne	3	103	102	126	106	115	95	90	35	127	52	53	C+	33	96.92	441	-3	1	20	90
Wyverncliff	Xavier McSteve	4	81	35	119	111	62	63	57	34	108	64	56	C	27	82.19	174	1	12.7	79	288
Wyverncliff	Xavier Wilcox	5	90	15	119	98	140	100	81	110	102	74	70	C+	28	99.99	58	1	1	2	1
Bielosia	Lilo Vatthana	1	136	126	33	19	54	64	105	133	75	60	96	C	26	76.50	167	1	1	70	411
Holykol	kaf	2	92	95	80	27	40	58	99	92	96	46	85	F	23	77.27	1359	1	1	68	375
Key_to_Don	Key To Don Player #4	3	24	64	98	43	105	85	68	93	96	50	96	C	33	83.57	169	-3	1	50	268
Auspikitan	Taneba Nole	4	64	24	102	95	44	81	60	31	56	52	71	D	31	69.01	26	0	1	137	606
Blaist_Blaland	Lato Naixi	5	101	30	97	83	115	112	96	61	123	52	77	C+	30	96.57	293	-3	1	36	94
Naxda Nomads	Player	Position	Layup	Dunk	Jumpshot	3PT	Pass	ShotContest	DefenseIQ	Jumping	Seperation	Durability	Stamina	Development	Age	Overall	Player ID	Years Remaining	Money	Position Rank	League Rank
Dotruga	Alomundi Bituna	1	114	47	64	52	81	84	98	102	101	64	84	C+	22	85.13	106	1	1	23	240
Barsein	Eto Shunmyo	2	67	65	69	66	86	86	104	117	77	115	79	C+	26	86.74	183	-1	1	35	213
Blaist_Blaland	Small Forward #143	3	91	70	120	77	100	96	103	63	112	51	81	B	32	94.93	188	-1	1	24	110
Blaist_Blaland	Tixen Prokol	4	116	41	129	113	94	96	90	20	98	60	82	B+	30	94.82	185	1	1	32	112
Blaist_Blaland	Lizaxon Rova	5	49	39	112	105	90	111	79	24	104	61	53	C	29	88.13	192	0	1	56	186
Dotruga	Atumiba Bexomos	1	118	99	75	30	30	82	75	138	98	106	84	B	26	82.48	420	1	1	27	284
Auspikitan	Iveo Vokigei	2	129	129	59	30	58	71	104	117	103	98	104	C+	26	85.90	218	-3	1	36	218
Nausicaa	Mhokba Djamhámhoñha	3	89	97	77	91	44	97	83	75	118	33	73	C+	24	84.03	195	-1	1	48	256
Shmupland	Ok Yeong-Jin	4	60	87	88	132	66	100	83	39	108	96	123	B+	27	92.67	87	1	1	43	137
Pyxanovia	Phetdum Vongsay	5	72	69	78	115	105	81	83	21	86	101	96	C	29	84.17	353	1	1	72	248
Aiyota	Yembeane	1	93	70	37	15	24	85	113	113	72	92	72	C+	28	73.50	145	-3	1	82	476
Blaist_Blaland	Kolpa Uxyakro	2	110	98	66	69	23	84	84	125	74	59	105	B	26	81.87	412	1	1	53	290
Shmupland	Om Kwang-Seok	3	72	61	103	100	61	36	87	55	84	49	77	C	29	74.38	150	0	1	93	454
Pyxanovia	Zhali Mpetaec	4	66	37	110	117	63	97	86	27	107	55	51	B	31	88.01	196	0	1	56	194
Dotruga	Alomundi Gagolomundi	5	73	48	93	123	119	59	46	32	121	51	65	C	28	83.96	186	-1	1	77	261
Red Rainbow Sickles	Player	Position	Layup	Dunk	Jumpshot	3PT	Pass	ShotContest	DefenseIQ	Jumping	Seperation	Durability	Stamina	Development	Age	Overall	Player ID	Years Remaining	Money	Position Rank	League Rank
Aeridani	Masaki Kazuko	1	114	145	40	41	45	136	70	116	93	104	76	D+	30	83.73	84	-3	1	25	263
Blaist_Blaland	Hjenax Auproda	2	94	96	62	12	43	94	92	95	86	37	70	F	24	76.68	1301	-1	1	73	393
Holy_Yektonisa	Phetdum Bouvanaat 	3	121	82	102	83	78	96	82	102	132	62	99	D+	23	97.27	1238	-1	1	18	88
Height_Sagua	Vanhik Slivókŕámhomhók	4	101	43	147	124	106	129	108	15	114	58	106	C	30	99.99	200	-3	1	2	1
Aeridani	Point Guard #131	5	62	47	111	48	139	97	83	66	96	52	92	B	33	91.37	28	-3	1	45	146
Dtersauuw_Sagua	P'uyo Unup'a	1	96	82	54	36	27	90	92	95	101	86	76	C+	28	77.36	165	1	1	56	370
Darvincia	Cabodu Kanix	2	93	110	91	49	54	80	67	85	67	74	103	C	24	74.37	198	1	1	90	458
Aeridani	Murata Sofu	3	112	90	121	110	30	81	96	127	102	40	66	B	27	92.82	206	-3	1	30	134
Tri_National_Dominion	Tri_National_Dominion Player #2	4	72	44	113	101	61	73	81	29	95	59	94	C+	32	82.98	54	-1	1	74	276
Dotruga	Kaliso Hatemosei	5	69	52	78	79	134	88	97	61	93	17	74	C	27	89.42	65	-1	1	51	172
Tri_National_Dominion	Alfred Habicht	1	105	150	28	40	45	100	58	122	79	74	96	B	29	74.49	24	-1	1	78	450
Bielosia	Kai Sayasone	2	87	66	80	11	64	87	55	93	61	39	99	F	21	70.06	1311	1	1	122	581
Red_Rainbow	Red Rainbow Player #1	3	71	111	112	92	81	73	53	114	73	109	105	C+	32	84.04	199	-1	1	46	252
Sagua	Sagua Player #3	4	24	46	125	102	46	54	74	53	68	47	104	C+	32	77.71	203	-1	1	86	359
Dotruga	Dano Mesiaertoxek	5	69	58	116	91	106	53	92	13	110	54	68	C	28	84.00	201	-3	1	74	258
Serkr Atolls	Player	Position	Layup	Dunk	Jumpshot	3PT	Pass	ShotContest	DefenseIQ	Jumping	Seperation	Durability	Stamina	Development	Age	Overall	Player ID	Years Remaining	Money	Position Rank	League Rank
Sagua	Vrá Nonhkwaqan	1	147	87	52	50	67	143	117	162	91	78	117	B+	33	99.99	212	-3	1	2	1
Aiyota	Pranga  	2	144	105	45	44	57	107	79	154	85	58	104	B	27	89.96	1243	-1	1	24	163
Blaist_Blaland	Klaxon Nixoka	3	92	120	101	51	92	107	96	105	105	57	85	C	28	93.21	214	1	1	28	129
Bielosia	Palani Phomsouvanh	4	73	48	102	95	56	109	80	37	104	56	80	C+	28	85.17	27	0	1	66	235
Transhimalia	Transhilmalia Player #2	5	114	25	163	103	138	126	104	54	118	46	110	B	31	99.99	216	1	1	2	1
Auspikitan	Teva Gekxakŋi	1	57	126	55	27	45	48	98	119	74	55	72	C	26	71.55	226	-1	1	84	537
Auspikitan	Iveo Vokigei	2	129	129	59	30	58	71	104	117	103	98	104	C+	26	85.90	218	-3	1	36	218
Oesa	K'ita Senako	3	121	108	107	94	64	104	56	71	91	50	79	C+	25	83.36	220	2	12.2	52	270
Blaist_Blaland	Noxku Dazaxka	4	79	61	75	97	72	94	40	11	99	22	76	F	20	73.82	1441	1	1	98	470
Ethanthova	Nathaniel Bate	5	47	52	109	110	117	73	54	23	88	23	99	C	27	84.55	217	-3	1	69	245
Aeridani	Yamazaki Meiji	1	94	97	30	32	28	89	88	98	81	97	90	F	24	71.38	1295	-1	1	86	544
Holykol	kaf	2	92	95	80	27	40	58	99	92	96	46	85	F	25	77.27	1299	-1	1	68	375
Shmupland	Om Kwang-Seok	3	72	61	103	100	61	36	87	55	84	49	77	C	29	74.38	150	0	1	93	454
Blaist_Blaland	Sovnax Pasovya	4	75	65	95	89	61	77	59	38	66	78	87	F	20	71.73	1473	1	1	121	527
Solea	áz lekeŋ	5	62	36	83	39	100	50	59	43	48	89	96	F	22	63.04	-1	1	1	164	782
Shmupland Dictators	Player	Position	Layup	Dunk	Jumpshot	3PT	Pass	ShotContest	DefenseIQ	Jumping	Seperation	Durability	Stamina	Development	Age	Overall	Player ID	Years Remaining	Money	Position Rank	League Rank
Nausicaa	Vŕá Płońiblá	1	125	139	68	60	58	106	99	132	80	78	95	C	29	90.17	234	-3	1	10	160
Tri_National_Dominion	Reinhard Waldstein	2	107	123	76	24	55	129	111	149	95	96	98	B	29	99.99	457	1	1	2	1
Wyverncliff	Dalton Ariesen	3	67	107	101	111	96	100	105	90	69	65	62	C	30	91.06	39	-1	1	33	152
Aiyota	Waltoko	4	109	66	131	119	93	117	98	30	117	52	79	D+	26	99.99	439	-3	1	2	1
Wyverncliff	Xavier Wilcox	5	90	15	119	98	140	100	81	110	102	74	70	C+	28	99.99	58	1	1	2	1
Holy_Yektonisa	Power Forward #166	1	97	50	63	55	32	101	105	117	62	63	62	C+	31	79.63	227	1	1	39	325
Dotruga	Kibibei Hatemosei	2	114	113	57	21	40	103	105	112	105	92	100	C+	27	88.05	228	1	1	31	190
Shmupland	Eun Cho	3	92	59	105	108	112	89	85	61	65	48	70	C	26	85.20	229	1	1	45	234
Aiyota	Aiyota Player #3	4	71	14	83	85	82	113	73	38	74	59	61	C+	32	77.48	237	-1	1	91	368
Wyverncliff	Xavier Wilcox	5	90	15	119	98	140	100	81	110	102	74	70	C+	28	99.99	58	1	1	2	1
Holy_Yektonisa	Keon Savang	1	89	94	45	14	28	63	85	99	47	62	91	F	23	61.25	1400	1	1	142	822
Holykol	noe	2	88	96	71	58	65	74	57	94	77	75	84	F	22	72.77	1364	1	1	101	500
Tri_National_Dominion	Till Klostermann	3	115	74	64	61	58	116	55	107	66	26	54	C	27	72.84	400	1	1	101	498
Sagua	Kolnu Auprat	4	80	50	115	105	22	52	60	42	87	18	77	B	25	73.09	589	0	1	104	487
Blaist_Blaland	Lato Naixi	5	101	30	97	83	115	112	96	61	123	52	77	C+	30	96.57	293	-3	1	36	94
Aiyota Pumps	Player	Position	Layup	Dunk	Jumpshot	3PT	Pass	ShotContest	DefenseIQ	Jumping	Seperation	Durability	Stamina	Development	Age	Overall	Player ID	Years Remaining	Money	Position Rank	League Rank
Lyintaria	Analu Cheruene	1	131	119	40	11	53	94	103	100	103	74	98	B	26	80.83	464	1	1	33	306
Holykol	kaf	2	92	95	80	27	40	58	99	92	96	46	85	F	23	77.27	1359	1	1	68	375
Dtersauuw_Sagua	Tsekon Wap't'ebw	3	79	99	98	95	26	113	52	65	87	59	107	C	26	78.57	434	1	1	64	344
Height_Sagua	San Holo	4	65	20	148	155	124	105	117	15	135	64	109	B	27	99.99	245	1	1	2	1
Red_Rainbow	Red Rainbow Player #2	5	105	30	100	100	122	99	107	37	106	45	99	D	29	97.90	425	1	1	34	84
Blaist_Blaland	Pixtij Lekaxo	1	139	113	59	30	38	93	97	121	62	64	66	B	28	76.65	242	1	1	66	399
Blaist_Blaland	Pitro Tenopro	2	51	117	55	43	55	70	63	108	79	48	95	D+	30	73.09	249	-3	1	99	488
Holykol	xek	3	100	59	114	101	57	60	52	37	90	48	109	C+	31	75.30	256	1	1	89	435
Pyxanovia	Ikaika Kethavongsa	4	81	84	113	88	87	86	96	40	129	40	98	C	25	94.31	129	-1	1	34	116
Darvincia	Làto Cows 	5	62	98	95	126	130	93	76	13	110	83	106	D	26	95.83	1206	-1	1	40	103
Solea	kekh okepekít	1	100	104	38	37	27	79	112	85	60	70	76	D+	25	68.34	381	-1	1	105	646
Aeridani	Onishi Koshiro	2	95	99	72	25	39	67	63	98	78	49	60	F	22	68.36	1317	0	1	135	644
Czalliso	guz	3	13	95	59	57	51	46	84	99	98	49	78	C+	29	71.33	40	1	1	103	548
Bielosia	Paxathipatai Sengtavisouk	4	96	72	132	111	65	71	83	47	75	64	103	C	28	86.87	98	-1	1	58	205
Dotruga	Olandi Olamos	5	45	66	70	79	140	94	68	61	97	103	85	C+	24	87.05	248	1	5.8	64	204
Avura Aviators	Player	Position	Layup	Dunk	Jumpshot	3PT	Pass	ShotContest	DefenseIQ	Jumping	Seperation	Durability	Stamina	Development	Age	Overall	Player ID	Years Remaining	Money	Position Rank	League Rank
Aeridani	Masaki Kazuko	1	114	145	40	41	45	136	70	116	93	104	76	D+	30	83.73	84	-3	1	25	263
Aeridani	Sichaizei Sha	2	99	30	69	64	107	93	112	103	87	49	96	D+	31	91.23	271	-3	1	22	150
Key_to_Don	Key To Don Player #4	3	24	64	98	43	105	85	68	93	96	50	96	C	33	83.57	169	-3	1	50	268
Dotruga	Alundi Elodosatrisei	4	105	106	142	123	64	92	77	43	127	94	96	B	29	99.99	330	-3	1	2	1
Aeridani	Yasutake Yasuoka	5	46	58	95	88	126	96	68	64	89	51	58	C	28	87.24	131	1	1	62	198
Aeridani	Sundaa Wen	1	73	40	71	63	25	122	39	121	85	51	49	C	27	77.29	270	-1	1	59	373
Auspikitan	Tibiziŋag Ifet	2	99	30	63	64	38	76	95	80	77	46	83	C	33	74.27	258	-3	1	92	460
Dotruga	Ijba Bexotrugo	3	96	91	105	84	75	94	59	56	75	69	88	B	28	77.90	264	-1	1	71	355
Dotruga	Dugaro Gagodosa	4	62	61	100	81	104	89	77	50	119	115	98	C	28	90.23	375	-3	1	47	158
Tri_National_Dominion	Hannes Ehrenstein	5	58	20	92	96	104	61	81	25	81	38	90	C	25	79.35	263	1	1	88	329
Dotruga	Danotra Alodosumosodo	1	110	91	62	39	30	55	38	112	55	96	61	C	23	58.69	292	0	1	160	870
Blaist_Blaland	Autolik Player #1	2	92	43	48	43	39	83	71	75	70	71	83	C	31	66.28	266	1	3	148	715
Blaist_Blaland	Kilik Farhje	3	88	88	58	67	98	84	79	88	73	93	67	B	25	75.55	259	1	1	87	432
Barsein	Diji Makmero	4	72	42	67	63	73	106	87	49	69	52	63	C+	31	71.43	301	1	1	130	543
Dotruga	Kiromibakeili Tute 	5	40	30	88	62	100	108	91	30	26	86	111	D+	25	77.00	1200	0	1	92	384
Boltway Bad Dragons	Player	Position	Layup	Dunk	Jumpshot	3PT	Pass	ShotContest	DefenseIQ	Jumping	Seperation	Durability	Stamina	Development	Age	Overall	Player ID	Years Remaining	Money	Position Rank	League Rank
Nausicaa	Vŕá Płońiblá	1	125	139	68	60	58	106	99	132	80	78	95	C	29	90.17	234	-3	1	10	160
Dotruga	Kosiro Omundi	2	124	56	76	60	71	95	77	129	97	111	65	B	29	89.06	273	1	9.7	28	179
Dtersauuw_Sagua	Litsaw Wap't'ebw	3	146	60	144	103	115	96	103	90	131	51	100	B	28	99.99	63	3	25	2	1
Ethanthova	Boltway Player #3	4	81	36	121	115	77	67	99	29	107	54	62	C+	32	90.10	275	-1	1	49	162
Darvincia	Làto Cows 	5	62	98	95	126	130	93	76	13	110	83	106	D	26	95.83	1206	-1	1	40	103
Height_Sagua	Boḿa Blamhákpwano	1	107	98	86	54	84	76	109	96	102	64	71	C+	25	86.81	111	1	1	16	207
Aeridani	Wakayama Higashikuni	2	102	96	68	49	57	86	85	96	74	75	56	B	27	75.83	706	1	1	78	423
Dotruga	Alubembi Hadosa	3	112	107	116	66	66	90	115	73	102	66	83	B	30	89.94	278	-1	1	35	165
Ethanthova	Robert Kershaw	4	69	69	107	86	74	95	60	41	117	99	106	C+	25	86.65	281	1	3.1	64	214
Dotruga	Paparto Subeina	5	118	30	81	97	133	72	78	49	115	46	93	C+	31	90.35	276	1	1	49	156
Bielosia	Meka Kethavongsa	1	92	90	23	39	60	86	81	91	45	75	74	F	23	63.26	1313	0	1	129	770
Solea	Power Forward #119	2	55	60	29	30	37	11	61	71	42	45	77	B	28	43.72	1001	1	1	193	987
Height_Sagua	Height Sagua Player #3	3	94	101	82	73	60	60	69	95	97	52	89	C+	32	77.11	48	-1	1	72	382
Lyintaria	Wongduan Saengsavang	4	98	49	114	101	50	67	63	47	86	53	69	C	28	77.85	279	1	1	85	358
Holykol	hex	5	25	30	108	82	86	73	74	44	105	45	79	C+	32	80.29	105	-1	1	86	316
Dotruga Falno	Player	Position	Layup	Dunk	Jumpshot	3PT	Pass	ShotContest	DefenseIQ	Jumping	Seperation	Durability	Stamina	Development	Age	Overall	Player ID	Years Remaining	Money	Position Rank	League Rank
Dotruga	Atumobei Tute	1	119	42	101	81	73	111	104	132	99	47	113	D+	30	99.99	288	-1	1	2	1
Dotruga	Okaget Mabipet	2	113	102	93	81	107	120	90	110	116	47	81	C+	27	99.99	290	1	1	2	1
Auspikitan	Atakri Kalauni	3	115	94	117	105	105	116	102	85	105	45	106	C+	31	99.99	289	2	25	2	1
Dotruga	Iklo Eloalerko 	4	115	88	110	95	60	115	109	63	123	79	101	C	23	97.90	1215	-1	1	24	86
Key_to_Don	Persa Mersa	5	106	42	135	129	144	95	101	53	134	51	107	C	26	99.99	291	-3	1	2	1
Blaist_Blaland	Naxnoxsoya Liksov	1	105	130	49	34	56	75	115	104	63	51	121	B	27	77.50	53	-1	1	54	366
Blaist_Blaland	Blanaxon Player #3	2	82	55	79	66	27	119	82	113	63	65	77	C+	32	82.71	153	-1	1	49	280
Shmupland	Sol Song-Jin	3	64	61	128	81	109	54	99	104	130	109	79	B	29	98.56	175	-3	1	16	78
Aeridani	Yuguchi Sofu	4	82	34	113	116	60	83	62	21	87	52	111	D+	31	83.27	42	-3	1	72	271
Ethanthova	Calvin Hayhurst	5	69	32	62	90	143	103	77	58	93	35	96	A	25	90.55	1196	-1	1	47	154
Darvincia	Nàsà Sikasbë 	1	96	69	56	51	32	77	103	100	83	65	80	D+	27	76.57	1220	-1	1	68	405
Aiyota	Munglegarra	2	53	68	51	50	84	84	79	103	68	88	73	C	30	74.89	571	-3	1	84	440
Blaist_Blaland	Blaki Faraulik	3	66	94	97	22	62	91	100	71	77	23	96	F	21	76.00	1422	1	1	82	417
Aiyota	Moonoriguna	4	84	88	98	80	94	89	50	31	80	70	95	F	24	77.59	1296	-1	1	87	362
Sagua	Pakomha Dakómh	5	37	57	103	110	118	73	57	40	79	101	106	D+	26	84.94	223	-1	1	67	242
Ethanthova Ponies	Player	Position	Layup	Dunk	Jumpshot	3PT	Pass	ShotContest	DefenseIQ	Jumping	Seperation	Durability	Stamina	Development	Age	Overall	Player ID	Years Remaining	Money	Position Rank	League Rank
Holykol	vo	1	100	60	57	64	86	85	100	99	78	50	85	C+	31	81.37	30	1	1	29	300
Aeridani	Kompasu Yasuoka	2	92	79	51	45	76	76	99	115	105	39	59	C+	32	84.06	540	-3	1	42	250
Shmupland	Sol Young-Chul 	3	105	101	63	90	83	69	70	12	121	72	109	C	25	76.57	1202	1	1	76	401
Aeridani	Fihana Jo	4	94	65	145	132	88	118	70	66	158	60	80	B	33	99.99	305	-3	1	2	1
Transhimalia	Transhilmalia Player #2	5	114	25	163	103	138	126	104	54	118	46	110	B	31	99.99	216	1	1	2	1
Bielosia	Analu Rattanavongsa	1	100	139	68	12	43	51	109	112	100	15	99	B	28	79.11	316	-1	1	41	334
Blaist_Blaland	Kolpa Uxyakro	2	110	98	66	69	23	84	84	125	74	59	105	B	26	81.87	412	1	1	53	290
Shmupland	Sol Young-Chul 	3	105	101	63	90	83	69	70	12	121	72	109	C	25	76.57	1202	1	1	76	401
Holy_Yektonisa	Holy Yektonesia Player #3	4	68	35	114	133	76	50	96	16	145	59	85	C+	33	95.78	308	-3	1	29	105
Ethanthova	Errol James	5	86	46	83	86	128	95	72	54	133	61	99	C	31	93.01	306	-3	1	43	131
Blaist_Blaland	Ixbla Ixau	1	98	97	29	46	58	84	92	98	32	71	96	F	23	65.84	1374	1	1	113	722
Loviniosa	Konala Somphousiharath	2	95	106	46	44	44	62	84	111	117	56	111	C	31	81.32	422	-3	1	59	302
Czalliso	lu	3	66	47	93	86	30	64	98	92	65	45	78	C	32	73.95	315	-1	1	97	465
Dotruga	Sagobesei Hidolundi	4	62	69	97	63	78	85	26	65	97	19	94	F	22	74.74	1367	1	1	96	444
Ethanthova	Ethanthova Player #2	5	66	5	120	116	85	52	77	43	92	56	98	B	31	83.68	310	1	1	79	267
Faehrenfall Feathercats	Player	Position	Layup	Dunk	Jumpshot	3PT	Pass	ShotContest	DefenseIQ	Jumping	Seperation	Durability	Stamina	Development	Age	Overall	Player ID	Years Remaining	Money	Position Rank	League Rank
Height_Sagua	Boḿa Blamhákpwano	1	107	98	86	54	84	76	109	96	102	64	71	C+	25	86.81	111	1	1	16	207
Aeridani	Tha Tricka	2	111	45	77	67	64	102	82	102	80	60	59	B+	31	82.99	318	1	1	48	275
Dotruga	Atumundikeili Halapodetsei	3	57	79	136	99	54	123	99	132	54	104	101	B	30	95.75	56	-1	1	22	107
Dotruga	Alundi Elodosatrisei	4	105	106	142	123	64	92	77	43	127	94	96	B	29	99.99	330	-3	1	2	1
Aeridani	Three Point Masta	5	90	24	109	160	149	95	82	36	127	61	70	C+	33	99.99	321	-3	1	2	1
Key_to_Don	Mónhin Mipjódló	1	97	101	38	15	22	79	116	127	95	11	93	C	24	80.57	326	0	1	37	312
Aiyota	Munglegarra	2	53	68	51	50	84	84	79	103	68	88	73	C	30	74.89	571	-3	1	84	440
Auspikitan	Aseqa Poi	3	41	84	117	103	69	88	79	63	91	57	76	C	26	85.59	319	2	15.8	40	224
Ethanthova	Vince Fowler	4	69	92	90	104	105	81	100	30	81	20	101	D+	24	86.80	114	-1	1	60	209
Dotruga	Melebin Himei	5	86	44	79	53	117	52	105	98	66	51	106	C+	28	80.68	419	-1	1	82	310
Darvincia	Nàsà Sikasbë 	1	96	69	56	51	32	77	103	100	83	65	80	D+	27	76.57	1220	-1	1	68	405
Shmupland	Kwak Seung-Won	2	100	98	72	45	47	52	95	97	73	85	85	F	24	73.22	1304	-1	1	96	482
Blaist_Blaland	Blanaxon Player #5	3	95	41	102	98	77	82	85	14	99	45	73	C	33	79.89	325	-3	1	59	323
Aiyota	Aiyota Player #3	4	71	14	83	85	82	113	73	38	74	59	61	C+	32	77.48	237	-1	1	91	368
Ethanthova	William Spicer	5	78	46	48	86	101	67	74	90	74	16	52	C	26	73.22	204	1	1	106	485
Stedro Boulders	Player	Position	Layup	Dunk	Jumpshot	3PT	Pass	ShotContest	DefenseIQ	Jumping	Seperation	Durability	Stamina	Development	Age	Overall	Player ID	Years Remaining	Money	Position Rank	League Rank
Lyintaria	Analu Cheruene	1	131	119	40	11	53	94	103	100	103	74	98	B	26	80.83	464	1	1	33	306
Solea	eneŋ zekek zeilunaven	2	87	72	78	51	39	129	73	158	67	58	109	B	32	92.61	332	-1	1	20	141
Solea	apseŋ kép tónaqig	3	56	114	98	67	77	126	94	111	116	54	113	B	33	99.28	408	-3	1	14	70
Blaist_Blaland	Lato Ikro	4	123	93	118	131	81	110	78	17	98	63	69	C+	26	93.70	17	1	1	38	121
Dotruga	Hivek Ekxtr	5	71	47	113	109	143	90	86	17	113	60	82	C	30	98.05	410	-3	1	32	82
Bielosia	Analu Rattanavongsa	1	100	139	68	12	43	51	109	112	100	15	99	B	28	79.11	316	-1	1	41	334
Bielosia	Keahi Saenthavisouk	2	116	122	73	36	57	91	101	127	75	109	76	B	29	85.61	339	-3	1	38	222
Ethanthova	Sebastien Robertson	3	71	81	111	99	70	71	72	84	53	18	105	C+	26	78.40	333	-1	1	70	352
Transhimalia	The Dimension Slaughterer	4	68	8	109	122	56	93	93	21	109	51	53	C+	33	88.13	300	-3	1	54	188
Barsein	Okada Sumiteru	5	90	40	85	99	115	81	72	48	114	97	93	D+	26	88.03	335	-1	1	58	192
Aeridani	Nagata Taki	1	88	133	52	21	47	89	94	138	65	108	68	B	27	77.88	336	1	1	50	356
Loviniosa	Keahi Saengsavang	2	110	93	33	62	60	82	76	106	105	50	81	C	28	79.29	138	-1	1	64	330
Blaist_Blaland	Blaki Faraulik	3	66	94	97	22	62	91	100	71	77	23	96	F	24	76.00	1294	-1	1	82	417
Aeridani	Yuguchi Sofu	4	82	34	113	116	60	83	62	21	87	52	111	D+	31	83.27	42	-3	1	72	271
Sagua	Pakomha Dakómh	5	37	57	103	110	118	73	57	40	79	101	106	D+	26	84.94	223	-1	1	67	242
TND Tanks	Player	Position	Layup	Dunk	Jumpshot	3PT	Pass	ShotContest	DefenseIQ	Jumping	Seperation	Durability	Stamina	Development	Age	Overall	Player ID	Years Remaining	Money	Position Rank	League Rank
Lyintaria	Kalani Saysamongdy	1	145	125	58	24	43	98	121	167	110	53	59	C	26	96.31	361	1	1	6	96
Tri_National_Dominion	Reinhard Waldstein	2	107	123	76	24	55	129	111	149	95	96	98	B	29	99.99	457	1	1	2	1
Transhimalia	Kasai Isei	3	83	58	141	126	44	120	123	98	106	68	78	B+	29	99.99	372	-3	1	2	1
Sagua	Pakomha Nhoñsła	4	80	43	116	107	62	94	96	20	135	51	113	C+	30	95.83	352	-1	1	27	101
Aeridani	Three Point Masta	5	90	24	109	160	149	95	82	36	127	61	70	C+	33	99.99	321	-3	1	2	1
Aeridani	Nagata Taki	1	88	133	52	21	47	89	94	138	65	108	68	B	27	77.88	336	1	1	50	356
Shmupland	Kwak Chihu	2	90	96	89	67	87	111	113	109	64	65	101	B	29	92.64	357	-1	1	18	139
Ethanthova	Eric Gilroy	3	82	87	95	92	95	102	62	20	99	64	70	B	27	80.28	735	1	1	57	318
Wyverncliff	Brian Lolant	4	27	34	115	93	85	81	85	44	106	84	56	C	27	86.76	155	1	1	62	211
Pyxanovia	Phetdum Vongsay	5	72	69	78	115	105	81	83	21	86	101	96	C	29	84.17	353	1	1	72	248
Blaist_Blaland	Kudapa Kaxpa	1	82	58	53	51	25	68	43	101	88	53	74	C	32	65.53	298	-2	1	116	731
Dotruga	Tugano Klabotrisei	2	97	97	68	24	33	71	84	97	75	77	86	F	23	72.01	1306	0	1	107	518
Solea	pazek lutep kaghišek	3	20	69	114	99	36	104	41	38	104	50	52	C+	29	76.13	825	0	1	80	415
Aiyota	Moonoriguna	4	84	88	98	80	94	89	50	31	80	70	95	F	22	77.59	1361	1	1	87	362
Tri_National_Dominion	Tri_National_Dominion Player #3	5	49	21	94	99	103	78	67	43	78	47	53	C	33	78.98	359	-3	1	89	339
Bongatar Banging Bongos	Player	Position	Layup	Dunk	Jumpshot	3PT	Pass	ShotContest	DefenseIQ	Jumping	Seperation	Durability	Stamina	Development	Age	Overall	Player ID	Years Remaining	Money	Position Rank	League Rank
Lyintaria	Kalani Saysamongdy	1	145	125	58	24	43	98	121	167	110	53	59	C	26	96.31	361	1	1	6	96
Aiyota	Pranga  	2	144	105	45	44	57	107	79	154	85	58	104	B	27	89.96	1243	-1	1	24	163
Transhimalia	Kasai Isei	3	83	58	141	126	44	120	123	98	106	68	78	B+	29	99.99	372	-3	1	2	1
Aeridani	Miyoshi Masami	4	54	42	129	118	90	84	104	44	104	54	58	C	26	96.05	364	1	12.5	26	100
Lyintaria	Wongduan Sengtavisouk	5	120	29	116	92	143	83	78	60	138	92	107	C+	26	99.99	368	-3	1	2	1
Blaist_Blaland	Ixbla Ixau	1	98	97	29	46	58	84	92	98	32	71	96	F	23	65.84	1374	1	1	113	722
Bielosia	Keahi Saenthavisouk	2	116	122	73	36	57	91	101	127	75	109	76	B	29	85.61	339	-3	1	38	222
Ethanthova	Eric Gilroy	3	82	87	95	92	95	102	62	20	99	64	70	B	27	80.28	735	1	1	57	318
Dotruga	Dugaro Gagodosa	4	62	61	100	81	104	89	77	50	119	115	98	C	28	90.23	375	-3	1	47	158
Transhimalia	Fujikawa Masuhiro	5	89	42	74	53	130	114	124	92	121	58	112	B	28	99.96	365	1	1	26	66
Shmupland	Om Kwang-Jo	1	118	78	26	17	44	113	17	102	80	49	87	C+	32	64.12	344	-2	1	124	761
Bielosia	Phetdum Somphonpadee	2	73	99	72	76	57	68	50	82	99	12	69	C	29	72.66	600	1	1	103	507
Shmupland	No Seung-Won	3	83	112	19	24	38	109	97	80	77	48	79	C+	26	65.47	369	1	1	149	737
Blaist_Blaland	Blanox Farhje	4	61	23	117	109	48	93	68	33	78	58	60	C	29	79.52	366	-1	1	82	326
Dotruga	Danomobei Subeina	5	86	50	72	57	141	126	122	56	97	67	72	C+	33	96.18	141	-3	1	38	98
Czalliso Pythons	Player	Position	Layup	Dunk	Jumpshot	3PT	Pass	ShotContest	DefenseIQ	Jumping	Seperation	Durability	Stamina	Development	Age	Overall	Player ID	Years Remaining	Money	Position Rank	League Rank
Tri_National_Dominion	Asser Hutto 	1	149	46	45	58	67	89	84	110	120	45	75	C	27	85.82	1254	-1	1	19	220
Ethanthova	Dylan Fowler	2	81	126	56	59	45	90	125	107	74	76	45	C+	29	82.67	377	-1	1	51	282
Wyverncliff	Juri Perch	3	95	119	93	111	92	65	140	135	89	98	92	C+	29	99.94	388	-3	1	12	68
Holykol	la	4	85	23	113	105	92	122	60	41	118	51	70	B	31	94.27	64	1	1	36	118
Transhimalia	Fujikawa Masuhiro	5	89	42	74	53	130	114	124	92	121	58	112	B	28	99.96	365	1	1	26	66
Dotruga	Sagolnasei Korsobo	1	114	69	34	21	29	103	103	117	68	47	55	C	31	74.51	376	-3	1	76	448
Blaist_Blaland	Hjenax Auproda	2	94	96	62	12	43	94	92	95	86	37	70	F	24	76.68	1301	-1	1	73	393
Sagua	Mónhin Nasa	3	58	45	113	107	7	80	54	111	28	52	86	D+	28	68.53	390	-1	1	125	632
Czalliso	mu	4	116	40	89	96	82	110	103	25	79	52	91	B+	31	85.36	379	1	14.3	65	233
Blaist_Blaland	Naxto Lizaxium	5	112	23	116	120	114	81	108	32	113	50	89	B	27	98.89	380	1	1	28	74
Aeridani	Yamazaki Meiji	1	94	97	30	32	28	89	88	98	81	97	90	F	22	71.38	1360	1	1	86	544
Dotruga	Hevek Gagomos	2	84	38	25	25	85	99	91	92	53	53	85	C+	29	70.73	385	1	3.6	115	560
Sagua	Mónhin Nasa	3	58	45	113	107	7	80	54	111	28	52	86	D+	28	68.53	390	-1	1	125	632
Dotruga	Sagobesei Hidolundi	4	62	69	97	63	78	85	26	65	97	19	94	F	21	74.74	1436	1	1	96	444
Lyintaria	Xaisomboun Saengsavang	5	72	47	125	113	120	71	118	34	98	43	101	B	27	98.76	44	-3	1	30	76
Dvimne Spirits	Player	Position	Layup	Dunk	Jumpshot	3PT	Pass	ShotContest	DefenseIQ	Jumping	Seperation	Durability	Stamina	Development	Age	Overall	Player ID	Years Remaining	Money	Position Rank	League Rank
Dotruga	Atumobei Tute	1	119	42	101	81	73	111	104	132	99	47	113	D+	30	99.99	288	-1	1	2	1
Aiyota	Yombeen	2	114	143	80	38	57	99	109	132	108	53	113	B	31	98.17	0	-1	1	9	80
Dotruga	Sago Alodetsei	3	108	30	118	112	117	110	107	94	131	59	85	D+	31	99.99	393	1	1	2	1
Height_Sagua	San Holo	4	65	20	148	155	124	105	117	15	135	64	109	B	27	99.99	245	1	1	2	1
Auspikitan	Makiaipisi Fana	5	110	69	120	123	114	77	100	46	127	56	99	B	30	99.99	110	-1	1	2	1
Wyverncliff	Thomas Skinner	1	89	136	72	28	53	79	83	197	84	35	90	C	23	91.60	1240	-1	1	8	144
Bielosia	Analu Vatthana	2	112	118	89	53	52	117	111	122	75	62	86	B	28	93.62	37	1	1	13	123
Blaist_Blaland	Klaxon Nixoka	3	92	120	101	51	92	107	96	105	105	57	85	C	28	93.21	214	1	1	28	129
Barsein	Akamine Naizen	4	77	77	152	123	83	81	105	31	142	58	105	C	29	99.99	170	-1	1	2	1
Blaist_Blaland	Naxto Lizaxium	5	112	23	116	120	114	81	108	32	113	50	89	B	27	98.89	380	1	1	28	74
Shmupland	Seong-Su Gang	1	71	101	59	28	26	102	104	152	89	57	66	C+	29	87.22	391	0	1	14	200
Loviniosa	Moke Douangvily	2	97	52	99	93	90	88	88	91	120	45	68	C	30	93.46	213	-1	1	15	125
Sagua	Ḿavwápŕi Pimh 	3	51	79	67	111	117	104	77	105	80	76	78	D+	26	89.76	1234	-1	1	37	169
Bielosia	Keahi Savang	4	83	97	109	101	122	73	113	93	92	74	105	C	29	98.97	416	1	1	22	72
Aahrus	Wiley Ambrose	5	25	86	114	110	80	104	108	41	101	55	93	C	30	94.09	395	1	22.3	42	120
Holy Yektonisa Bishops	Player	Position	Layup	Dunk	Jumpshot	3PT	Pass	ShotContest	DefenseIQ	Jumping	Seperation	Durability	Stamina	Development	Age	Overall	Player ID	Years Remaining	Money	Position Rank	League Rank
Dotruga	Atumiba Bexomos	1	118	99	75	30	30	82	75	138	98	106	84	B	26	82.48	420	1	1	27	284
Blaist_Blaland	Kolpa Uxyakro	2	110	98	66	69	23	84	84	125	74	59	105	B	26	81.87	412	1	1	53	290
Solea	apseŋ kép tónaqig	3	56	114	98	67	77	126	94	111	116	54	113	B	33	99.28	408	-3	1	14	70
Tri_National_Dominion	Alwin Gradl	4	56	29	133	114	74	81	84	55	93	49	72	C	28	91.24	426	1	1	45	148
Dotruga	Hivek Ekxtr	5	71	47	113	109	143	90	86	17	113	60	82	C	30	98.05	410	-3	1	32	82
Lyintaria	Lyintaria Player #4	1	122	89	28	8	27	108	114	139	68	56	60	B	32	79.01	436	-1	1	43	337
Blaist_Blaland	Hjenax Auproda	2	94	96	62	12	43	94	92	95	86	37	70	F	22	76.68	1362	1	1	73	393
Shmupland	Ji Gim	3	58	18	54	38	101	93	86	96	51	52	54	C	26	70.08	415	-1	1	115	579
Ethanthova	Kamil Jones	4	78	29	94	85	106	92	97	36	95	54	101	C	28	88.13	320	0	1	52	184
Dtersauuw_Sagua	Pxalit'k'a Player #7	5	53	30	102	117	120	99	79	21	83	53	52	C+	33	89.13	176	-3	1	54	177
Bongatar	Shitt Hessar	1	84	107	11	16	38	101	113	104	82	49	60	C	29	74.04	406	0	1	80	462
Dotruga	Sagomundisei Hisei	2	68	68	49	58	57	87	91	86	82	32	69	D+	28	75.15	142	-1	1	83	439
Transhimalia	Wakuni Senelile	3	96	95	58	32	43	71	81	93	81	73	87	F	21	67.29	1435	1	1	138	681
Dotruga	Omumiba Ektxr	4	79	46	92	80	85	98	83	29	103	53	75	D+	29	82.90	409	1	1	76	278
Dotruga	Dano Subeina	5	53	30	103	99	49	97	68	43	113	54	118	C+	31	81.62	413	1	2	81	297
Holykol Bears	Player	Position	Layup	Dunk	Jumpshot	3PT	Pass	ShotContest	DefenseIQ	Jumping	Seperation	Durability	Stamina	Development	Age	Overall	Player ID	Years Remaining	Money	Position Rank	League Rank
Barsein	Nobira Taki	1	134	122	38	39	51	110	105	135	82	23	81	C	28	86.26	429	1	1	18	217
Tri_National_Dominion	Reinhard Waldstein	2	107	123	76	24	55	129	111	149	95	96	98	B	29	99.99	457	1	1	2	1
Auspikitan	Eiqe Gekxakŋi	3	106	83	94	88	50	90	108	83	87	66	90	C+	28	85.49	475	1	1	43	229
Ethanthova	Rusty Berry	4	57	89	117	113	93	109	110	31	130	27	84	C+	28	99.99	431	-3	1	2	1
Red_Rainbow	Red Rainbow Player #2	5	105	30	100	100	122	99	107	37	106	45	99	D	29	97.90	425	1	1	34	84
Wyverncliff	Yoade Perch	1	144	95	39	9	42	68	107	124	95	50	59	B	26	76.75	43	1	1	61	388
Loviniosa	Konala Somphousiharath	2	95	106	46	44	44	62	84	111	117	56	111	C	31	81.32	422	-3	1	59	302
Red_Rainbow	Red Rainbow Player #1	3	71	111	112	92	81	73	53	114	73	109	105	C+	32	84.04	199	-1	1	46	252
Barsein	Steve Sho	4	52	105	108	104	55	100	116	47	115	42	70	C+	28	93.01	230	-1	1	42	133
Pyxanovia	Akamu Cheruene	5	78	70	74	54	135	93	77	118	90	49	89	C+	31	87.97	268	-1	1	60	196
Wyverncliff	Yoade Perch	1	144	95	39	9	42	68	107	124	95	50	59	B	26	76.75	43	1	1	61	388
Aeridani	Wakayama Higashikuni	2	102	96	68	49	57	86	85	96	74	75	56	B	27	75.83	706	1	1	78	423
Holykol	hax	3	46	87	116	104	31	97	75	25	81	63	87	C	33	76.67	428	-3	1	74	397
Tri_National_Dominion	Alwin Gradl	4	56	29	133	114	74	81	84	55	93	49	72	C	28	91.24	426	1	1	45	148
Holykol	quj	5	74	27	123	107	97	104	17	45	47	66	50	C+	31	76.30	432	1	1	98	414
Lyintaria Lynx	Player	Position	Layup	Dunk	Jumpshot	3PT	Pass	ShotContest	DefenseIQ	Jumping	Seperation	Durability	Stamina	Development	Age	Overall	Player ID	Years Remaining	Money	Position Rank	League Rank
Aeridani	Uemura Tadashi	1	130	129	57	37	55	81	108	124	66	9	75	B	28	79.49	442	-1	1	40	328
Barsein	Éxànnecig Hàŕselàn	2	141	87	122	77	33	66	95	133	73	102	74	B+	25	88.74	437	-1	1	29	182
Barsein	Uelv Lganne	3	103	102	126	106	115	95	90	35	127	52	53	C+	33	96.92	441	-3	1	20	90
Tri_National_Dominion	Stephan Hutto	4	96	36	147	140	71	80	119	45	100	45	92	C+	27	99.99	71	-3	1	2	1
Dtersauuw_Sagua	Pxalit'k'a Player #7	5	53	30	102	117	120	99	79	21	83	53	52	C+	33	89.13	176	-3	1	54	177
Lyintaria	Lyintaria Player #4	1	122	89	28	8	27	108	114	139	68	56	60	B	32	79.01	436	-1	1	43	337
Ethanthova	Bernard Wade	2	73	106	81	35	43	59	60	129	83	110	56	C+	27	74.63	450	-1	1	86	446
Transhimalia	Lvieknim Yuji	3	95	116	117	72	57	98	43	111	103	63	80	C	28	85.50	355	-3	1	41	227
Aeridani	Lyintaria Player #6	4	25	12	107	103	47	58	97	21	94	51	76	C+	31	78.35	781	1	1	84	353
Loviniosa	Phetdum Vongsay	5	37	46	108	108	113	86	57	18	104	56	51	C+	28	84.49	440	-1	1	71	247
Dotruga	Alubembi Xahelvi	1	110	121	28	29	9	88	112	102	71	26	73	C+	30	71.50	447	1	1	85	538
Shmupland	Kwak Seung-Won	2	100	98	72	45	47	52	95	97	73	85	85	F	22	73.22	1363	1	1	96	482
Blaist_Blaland	Zaxkla Kolpauxso	3	96	90	98	46	59	78	62	59	68	7	98	F	23	68.88	1377	1	1	121	610
Auspikitan	Tekle Doko	4	71	9	115	102	68	31	36	32	106	51	86	C	31	75.76	448	1	1	95	428
Dotruga	Sagosiei Himamosei	5	59	20	85	89	98	58	42	18	67	74	95	F	22	68.69	1350	1	1	129	626
Pyxanovia Pixies	Player	Position	Layup	Dunk	Jumpshot	3PT	Pass	ShotContest	DefenseIQ	Jumping	Seperation	Durability	Stamina	Development	Age	Overall	Player ID	Years Remaining	Money	Position Rank	League Rank
Sagua	Vrá Nonhkwaqan	1	147	87	52	50	67	143	117	162	91	78	117	B+	33	99.99	212	-3	1	2	1
Darvincia	Hënila Ūnā	2	74	109	79	57	92	87	109	114	119	48	89	C+	33	96.87	107	-3	1	11	92
Pyxanovia	Pyxanovia Player #4	3	16	90	112	109	68	107	117	115	132	55	82	C+	31	99.99	453	1	18.5	2	1
Aeridani	Fihana Jo	4	94	65	145	132	88	118	70	66	158	60	80	B	33	99.99	305	-3	1	2	1
Key_to_Don	Persa Mersa	5	106	42	135	129	144	95	101	53	134	51	107	C	26	99.99	291	-3	1	2	1
Ethanthova	Colin Hutchison	1	105	49	32	37	25	103	110	138	67	48	91	C	32	81.30	91	-3	1	31	304
Loviniosa	Moke Douangvily	2	97	52	99	93	90	88	88	91	120	45	68	C	30	93.46	213	-1	1	15	125
Sagua	Pakomha Pjagwazwi	3	149	56	120	66	78	75	139	122	156	44	116	C	28	99.99	124	-3	1	2	1
Wyverncliff	Sachie Snijder	4	81	20	146	131	112	95	95	50	116	47	82	B	33	99.99	469	-3	1	2	1
Ethanthova	Laurence Chandler	5	76	104	82	88	145	132	113	74	117	53	101	B	32	99.99	50	-3	1	2	1
Aeridani	Hato Yasuoka	1	60	59	47	19	20	40	93	96	80	28	95	F	22	64.09	1449	1	1	126	763
Aeridani	Sichaizei Sha	2	99	30	69	64	107	93	112	103	87	49	96	D+	31	91.23	271	-3	1	22	150
Height_Sagua	Small Forward #164	3	60	57	76	83	40	23	23	38	68	53	63	C+	29	50.61	1075	1	1	187	937
Aiyota	Waltoko	4	109	66	131	119	93	117	98	30	117	52	79	D+	26	99.99	439	-3	1	2	1
Dtersauuw_Sagua	Its'a Lełqutyi	5	59	24	99	104	115	88	77	9	99	50	72	C	33	86.45	34	-3	1	65	215
Transhimalia Disasters	Player	Position	Layup	Dunk	Jumpshot	3PT	Pass	ShotContest	DefenseIQ	Jumping	Seperation	Durability	Stamina	Development	Age	Overall	Player ID	Years Remaining	Money	Position Rank	League Rank
Tri_National_Dominion	Asser Hutto 	1	149	46	45	58	67	89	84	110	120	45	75	C	27	85.82	1254	-1	1	19	220
Shmupland	Kwak Seung-Won	2	100	98	72	45	47	52	95	97	73	85	85	F	21	73.22	1433	1	1	96	482
Bielosia	Kalani Phanivong	3	70	88	94	105	91	93	88	75	108	103	79	B	24	91.64	480	1	5.8	32	143
Wyverncliff	Sachie Snijder	4	81	20	146	131	112	95	95	50	116	47	82	B	33	99.99	469	-3	1	2	1
Transhimalia	Steve Masuhiro	5	74	53	119	109	136	103	94	20	116	75	118	C+	27	99.99	470	2	17.6	2	1
Loviniosa	Keon Saengsavang	1	101	91	28	21	16	106	91	109	91	61	65	D+	28	74.77	137	1	1	74	442
Czalliso	pot	2	88	101	35	17	43	83	81	116	78	16	61	B	25	71.95	418	0	1	110	523
Auspikitan	Eiqe Gekxakŋi	3	106	83	94	88	50	90	108	83	87	66	90	C+	28	85.49	475	1	1	43	229
Sagua	Sagua Player #2	4	70	21	127	99	106	114	89	49	81	59	61	C	32	93.43	424	-1	1	40	127
Czalliso	vun	5	45	38	97	95	88	64	69	37	103	50	46	C	31	76.54	285	1	1	94	407
Tri_National_Dominion	Ingo Gradl	1	114	140	67	39	53	112	41	117	43	56	73	C	30	69.89	472	-3	1	95	587
Czalliso	pot	2	88	101	35	17	43	83	81	116	78	16	61	B	25	71.95	418	0	1	110	523
Aeridani	Kawata Hirokazu	3	86	100	81	94	52	72	98	72	79	75	108	C+	26	79.18	6	-1	1	61	332
Transhimalia	The Dimension Slaughterer	4	68	8	109	122	56	93	93	21	109	51	53	C+	33	88.13	300	-3	1	54	188
Czalliso	vun	5	45	38	97	95	88	64	69	37	103	50	46	C	31	76.54	285	1	1	94	407
