Aeridani Troopers	Player	Position	Layup	Dunk	Jumpshot	3PT	Pass	ShotContest	DefenseIQ	Jumping	Seperation	Durability	Stamina	Development	Age	Overall	Player ID	Years Remaining	Money	Position Rank	League Rank
Darvincia	Zagësba Kanix	1	44	67	26	22	5	74	73	96	51	28	70	C+	19	56.73	-1	1	1	159	1134
Transhimalia	Transhilmalia Player #8	2	121	73	73	55	27	78	58	115	91	54	65	B	31	76.38	859	3	1	109	513
Blaist_Blaland	Blanaxon Player #5	3	104	48	111	104	91	91	104	28	118	52	81	C	30	92.56	325	-1	16.5	80	364
Pyxanovia	Height Sagua Player #6	4	16	17	64	58	65	74	77	32	79	46	51	B+	28	63.25	483	1	1	185	756
Wyverncliff	Zac Perch	5	20	22	65	64	94	54	70	28	95	38	73	C	22	67.55	-1	3	1	116	642
Ethanthova	Grant Miller	1	81	103	23	27	38	64	39	92	77	28	53	C	25	55.76	324	1	1	172	1177
Tri_National_Dominion	TND Player #7	2	77	42	31	32	12	74	66	85	65	48	48	C	28	58.09	916	1	1	209	1057
Sagua	Vŕá Noq	3	32	25	95	39	79	47	58	39	40	69	89	D	20	56.63	-1	1	1	229	1138
Tri_National_Dominion	Heine Hutto	4	28	33	101	92	54	69	65	22	60	38	57	D+	22	67.57	482	2	1	145	638
Loviniosa	Kimo Rattanvongsa	5	7	35	72	66	76	56	42	28	44	47	78	B+	27	56.78	545	1	1	241	1129
Czalliso	noe  	1	76	50	14	16	36	86	40	83	63	73	76	C+	19	54.32	1244	1	1	193	1272
Tri_National_Dominion	TND Player #7	2	77	42	31	32	12	74	66	85	65	48	48	C	28	58.09	916	1	1	209	1057
Transhimalia	Small Forward #76	3	35	6	40	37	89	21	70	99	47	48	29	C+	28	52.94	493	1	1	282	1376
Tri_National_Dominion	Heine Hutto	4	28	33	101	92	54	69	65	22	60	38	57	D+	22	67.57	482	2	1	145	638
Shmupland	Sol Kwang-Jo	5	56	16	52	26	65	99	50	75	48	38	72	D+	23	57.84	542	1	1	226	1071
Zaxon Zephyrs	Player	Position	Layup	Dunk	Jumpshot	3PT	Pass	ShotContest	DefenseIQ	Jumping	Seperation	Durability	Stamina	Development	Age	Overall	Player ID	Years Remaining	Money	Position Rank	League Rank
Other	Nathaniel Fine	1	61	64	33	11	29	76	38	92	65	63	87	C	21	55.88	-1	1	1	170	1166
Dotruga	Dasarbi Hadosadolsei	2	91	87	45	48	41	67	90	99	69	75	63	C	21	69.54	-1	1	1	126	602
Blaist_Blaland	Autolik Player #4	3	126	92	39	18	60	120	71	92	93	67	78	B	29	72.24	158	2	1	124	563
Aeridani	Itso Bigo	4	57	7	87	94	70	9	70	35	102	48	51	C	24	69.24	495	3	1	131	608
Aiyota	Moonoriguna	5	27	25	95	89	97	59	54	31	56	77	94	C	21	70.89	-1	1	1	109	578
Transhimalia	Himi Masuhiro	1	93	99	31	13	35	47	67	91	48	74	94	D+	22	53.97	-1	1	1	209	1305
Futiakep	Paekua Epi	2	100	86	31	30	28	70	54	98	92	52	91	C+	20	66.24	-1	1	1	137	671
Other	Brian Perch	3	42	32	95	67	39	57	79	35	81	31	98	C	22	66.92	-1	3	1	143	650
Bongatar	Shitt Iode	4	79	66	89	87	41	43	56	50	78	98	81	F+	23	66.38	-1	2	1	151	661
Shmupland	Kae Sung-Soo	5	20	23	38	64	98	56	51	66	51	41	84	C+	19	60.43	-1	1	1	183	897
Bielosia	Keoki Phommasane	1	40	37	45	17	47	70	41	85	57	84	72	D	23	54.70	-1	1	1	191	1254
Tri_National_Dominion	Power Forward #131	2	66	39	71	67	44	65	58	69	45	49	63	C	28	59.24	843	1	1	185	950
Ethanthova	Ethanthova Player #8	3	48	32	85	88	11	73	51	98	24	49	86	D+	29	59.49	313	1	1	186	940
Height_Sagua	Poqá Słanák	4	49	59	57	58	35	77	36	46	100	67	88	C+	20	61.27	-1	3	1	220	857
Czalliso	noe	5	48	39	90	96	63	24	30	33	68	52	92	C	21	58.61	-1	1	1	218	1015
Vincent Vikings	Player	Position	Layup	Dunk	Jumpshot	3PT	Pass	ShotContest	DefenseIQ	Jumping	Seperation	Durability	Stamina	Development	Age	Overall	Player ID	Years Remaining	Money	Position Rank	League Rank
Darvincia	Làto Sokàtà	1	187	181	62	71	76	158	135	140	107	127	77	C+	27	99.99	512	2	1	2	1
Wyverncliff	Nathaniel Lolant	2	96	86	31	24	30	58	64	99	60	50	70	C+	22	58.92	-1	1	1	196	986
Tri_National_Dominion	Carsten Meyer	3	98	143	129	131	153	140	89	106	194	29	129	C+	24	99.99	510	3	1	2	1
Czalliso	roe	4	58	56	91	68	81	94	50	61	70	67	67	C	21	72.34	-1	2	1	118	561
Bielosia	Lilo Phomsouvanh	5	63	62	36	86	96	73	57	79	52	77	94	D+	21	68.15	-1	3	1	113	619
Darvincia	Zagësba Kanix	1	44	67	26	22	5	74	73	96	51	28	70	C+	19	56.73	-1	1	1	159	1134
Holy_Yektonisa	Holy Yektonesia Player #2	2	76	52	37	38	24	25	64	85	72	53	81	C+	28	55.15	587	1	1	229	1222
Aeridani	Ogino Udo	3	49	35	98	34	85	74	57	30	94	56	93	C	20	69.67	-1	1	1	133	595
Ethanthova	William Garber	4	62	83	66	60	46	62	60	63	99	27	87	D+	22	66.80	-1	1	1	149	655
Transhimalia	Sugimoto Masuhiro	5	49	48	58	78	99	23	57	41	58	10	49	C	19	58.74	-1	1	1	210	1000
Auspikitan	Biplatza Ifet	1	58	64	32	31	41	49	90	89	45	50	53	C	28	56.11	97	1	1	166	1161
Aiyota	Nyning  	2	71	73	48	21	10	64	58	97	59	83	66	F+	19	58.37	1225	1	1	201	1035
Bielosia	Lani Siphandon	3	74	60	68	29	53	93	69	45	78	75	47	D	19	62.32	-1	2	1	165	807
Auspikitan	Tuk Kauqepei	4	21	44	94	91	51	49	59	7	26	47	99	C+	27	58.58	650	1	1	264	1019
Transhimalia	Tkwalm Vye	5	42	54	70	51	83	53	66	17	62	93	46	C	19	58.45	-1	1	1	219	1030
Bongatar Boppers	Player	Position	Layup	Dunk	Jumpshot	3PT	Pass	ShotContest	DefenseIQ	Jumping	Seperation	Durability	Stamina	Development	Age	Overall	Player ID	Years Remaining	Money	Position Rank	League Rank
Aeridani	Takamitsu Takeji	1	91	92	51	39	52	77	91	95	69	65	90	C	21	71.78	-1	1	1	102	569
Transhimalia	Jojen Bunrakuken	2	97	95	80	37	14	90	41	97	68	15	90	C	20	68.32	-1	3	1	127	615
Blaist_Blaland	Autolik Player #4	3	126	92	39	18	60	120	71	92	93	67	78	B	29	72.24	158	2	1	124	563
Czalliso	ilo	4	83	76	96	51	98	63	54	30	100	85	75	C	22	72.77	-1	3	1	114	555
Darvincia	Làto Naksik	5	91	50	120	98	125	84	137	98	99	102	73	C+	29	99.99	526	1	1	2	1
Aiyota	Goormurra	1	103	87	56	21	84	81	66	98	71	96	74	C	24	69.90	1207	0	5	105	590
Blaist_Blaland	Zax Kaxpa	2	93	83	41	44	53	42	91	119	53	53	71	C	28	66.81	241	1	1	134	653
Pyxanovia	Ikaika Tayvihane	3	68	7	88	76	92	19	6	46	79	71	84	B	22	58.54	663	1	1	201	1022
Bielosia	Mya Saysamongdy	4	26	59	59	77	65	62	60	31	71	32	90	C	22	63.36	525	2	1	181	752
Kaeshar	Imuk Poi	5	31	36	72	99	96	43	67	34	83	20	81	C	22	71.16	-1	2	1	105	572
Blaist_Blaland	Ixux Zaxau 	1	28	87	17	90	35	66	66	114	39	40	56	D+	22	60.89	1229	1	1	131	881
Kaeshar	Tibiziŋag Qeki	2	96	78	79	28	37	56	96	96	21	82	98	C	21	64.30	-1	1	1	149	724
Tri_National_Dominion	Till Hutto	3	76	44	48	53	27	40	61	67	84	52	59	C+	24	55.51	783	1	1	246	1198
Holykol	Shooting Guard #105	4	21	38	91	91	91	42	30	38	46	53	49	C+	28	61.68	530	2	1	207	837
Dotruga	Kaliso Alolundi	5	34	30	67	90	104	48	39	17	37	51	93	C+	24	61.70	528	3	1	166	835
Pyxanovia Elites	Player	Position	Layup	Dunk	Jumpshot	3PT	Pass	ShotContest	DefenseIQ	Jumping	Seperation	Durability	Stamina	Development	Age	Overall	Player ID	Years Remaining	Money	Position Rank	League Rank
Transhimalia	Center #135	1	35	54	9	7	7	103	69	71	55	49	66	C	28	54.10	831	1	1	197	1291
Aeridani	Kompasu Yasuoka	2	153	130	83	53	119	110	141	188	163	56	89	C+	30	99.99	540	1	1	2	1
Barsein	Alve Higashikuni 	3	79	70	66	58	54	74	60	68	66	83	102	C	22	65.21	1236	3	1	151	698
Pyxanovia	Height Sagua Player #6	4	16	17	64	58	65	74	77	32	79	46	51	B+	28	63.25	483	1	1	185	756
Tri_National_Dominion	Alfred Unterberger	5	47	73	91	83	35	76	63	6	65	33	45	C+	23	60.21	541	3	1	190	904
Transhimalia	Center #135	1	35	54	9	7	7	103	69	71	55	49	66	C	28	54.10	831	1	1	197	1291
Darvincia	Cabodu Gasbërr	2	87	99	77	26	40	55	70	92	47	100	79	C+	22	62.87	-1	1	1	160	780
Shmupland	Sol Yeong-Jin	3	71	78	68	61	36	87	84	20	78	22	78	C	21	64.19	-1	1	1	158	732
Pyxanovia	Height Sagua Player #6	4	16	17	64	58	65	74	77	32	79	46	51	B+	28	63.25	483	1	1	185	756
Dotruga	Klabo Bexoxek	5	63	18	69	70	83	39	68	34	51	53	82	C	23	61.15	473	3	1	170	865
Transhimalia	Center #135	1	35	54	9	7	7	103	69	71	55	49	66	C	28	54.10	831	1	1	197	1291
Blaist_Blaland	Uxnax Sovix 	2	29	18	9	30	65	61	35	82	98	98	103	C+	22	59.63	1228	1	1	176	934
Transhimalia	Rael Akio	3	48	31	99	89	39	36	32	57	72	38	83	C+	19	60.93	-1	2	1	175	878
Shmupland	Sagua Player #9	4	53	10	49	47	48	76	81	24	83	46	49	C	28	58.25	543	1	1	270	1041
Loviniosa	Kimo Rattanvongsa	5	7	35	72	66	76	56	42	28	44	47	78	B+	27	56.78	545	1	1	241	1129
Alteus Astronauts	Player	Position	Layup	Dunk	Jumpshot	3PT	Pass	ShotContest	DefenseIQ	Jumping	Seperation	Durability	Stamina	Development	Age	Overall	Player ID	Years Remaining	Money	Position Rank	League Rank
Kaeshar	Nio Finapeke	1	94	94	21	14	46	87	52	91	100	74	75	C	20	65.67	-1	1	1	109	686
Shmupland	Chu Song-Jin	2	80	82	70	29	58	56	71	66	62	80	92	B	19	62.52	-1	3	1	163	800
Blaist_Blaland	Nadaklo Praxo	3	87	20	61	7	47	52	76	55	101	53	101	C	25	62.13	1	1	1	171	818
Dotruga	Aiyota Player #9	4	56	42	91	90	81	35	83	34	99	46	60	B	30	75.05	563	2	1	109	526
Sagua	Sagua Player #6	5	40	36	93	86	51	79	36	28	69	50	51	C+	28	61.88	708	2	1	162	827
Aiyota	Mornay	1	69	85	25	11	36	68	46	98	87	97	99	D	23	61.30	-1	1	1	130	856
Key_to_Don	Power Forward #152	2	58	69	26	27	57	63	57	53	37	46	73	C	28	47.98	562	1	1	301	1607
Darvincia	The Moo Azaska	3	94	90	64	26	77	47	75	55	67	39	91	D	22	60.68	-1	2	1	179	890
Czalliso	ilu	4	96	90	100	100	56	61	60	18	60	61	57	C+	21	67.92	-1	3	1	140	629
Sagua	Sagua Player #6	5	40	36	93	86	51	79	36	28	69	50	51	C+	28	61.88	708	2	1	162	827
Czalliso	noe	1	59	60	52	16	21	36	96	98	58	95	62	D+	21	58.89	-1	1	1	143	989
Ethanthova	Tipeprik Vokigei	2	37	68	48	49	57	14	35	82	29	46	93	C+	24	45.60	565	1	1	323	1704
Bielosia	Keon Bokeo	3	20	48	63	61	48	96	41	37	63	69	90	D	21	59.78	-1	1	1	184	920
Dotruga	Amoda Kixidodotsei	4	55	28	55	79	72	61	84	26	66	41	60	C+	22	63.65	870	2	1	178	743
Dotruga	Danobamobesa Alulomundi	5	68	13	60	43	98	51	41	80	59	63	71	C+	26	60.10	840	3	1	194	913
Naskitrusk Brutes	Player	Position	Layup	Dunk	Jumpshot	3PT	Pass	ShotContest	DefenseIQ	Jumping	Seperation	Durability	Stamina	Development	Age	Overall	Player ID	Years Remaining	Money	Position Rank	League Rank
Aeridani	Dwab Itsok	1	38	93	19	17	19	95	82	101	56	45	48	D	29	62.01	810	3	1	122	820
Aiyota	Munglegarra	2	73	82	47	48	80	97	80	130	72	98	81	C	27	82.05	571	1	1	93	468
Czalliso	pot	3	98	98	75	28	48	66	100	75	98	53	76	C+	21	71.97	-1	1	1	126	565
Blaist_Blaland	Noxku Noxtan	4	100	53	101	102	11	50	61	48	54	61	55	B	26	62.99	349	2	1	193	768
Auspikitan	Nio Oipa	5	10	26	75	79	65	50	78	6	60	46	79	C+	24	61.66	827	3	1	168	847
Bongatar	Hexar Mann	1	65	85	14	5	8	59	87	77	69	101	88	C	26	55.64	645	1	1	185	1195
Wyverncliff	Quinten Grabochov	2	85	62	58	15	45	39	46	96	84	41	49	B+	22	59.29	143	1	1	180	945
Transhimalia	Gmii Hlema	3	92	100	61	38	39	90	44	80	99	64	96	D	22	67.82	-1	3	1	141	630
Transhimalia	Yuguchi Higashikuni	4	20	37	80	53	53	74	53	13	86	65	68	D	22	61.60	-1	3	1	215	849
Czalliso	app	5	15	22	95	58	76	36	58	43	63	22	72	C+	19	60.80	-1	3	1	177	883
Auspikitan	Biplatza Nide	1	73	75	14	35	37	20	55	90	62	32	84	D+	21	49.27	-1	1	1	297	1546
Wyverncliff	Quinten Grabochov	2	85	62	58	15	45	39	46	96	84	41	49	B+	22	59.29	143	1	1	180	945
Barsein	Alve Higashikuni 	3	79	70	66	58	54	74	60	68	66	83	102	C	22	65.21	1236	3	1	151	698
Holy_Yektonisa	Derto Himei	4	19	28	34	94	92	58	19	75	54	52	48	D+	24	58.01	583	1	1	273	1065
Antarion	Muŕahinni Mii	5	60	39	57	43	100	54	70	27	56	79	64	C	22	60.29	-1	2	1	186	900
Klákjábo Servals	Player	Position	Layup	Dunk	Jumpshot	3PT	Pass	ShotContest	DefenseIQ	Jumping	Seperation	Durability	Stamina	Development	Age	Overall	Player ID	Years Remaining	Money	Position Rank	League Rank
Other	Max Svensson	1	71	79	49	12	38	62	77	98	41	94	84	B	19	58.96	-1	1	1	141	965
Bongatar	Bongatar Player #5	2	42	102	34	24	49	109	72	107	101	53	114	D+	31	80.89	585	1	1	99	475
Holy_Yektonisa	Ailiqaeu Okohae	3	129	123	70	50	104	79	90	39	40	68	105	C+	27	68.12	411	3	1	139	622
Sagua	Kolnu Auprat	4	66	41	93	93	16	44	52	42	74	18	65	B	24	62.18	589	1	1	201	814
Aeridani	Kompasu Toshiyuki 	5	27	56	65	34	102	57	53	38	74	29	46	C	19	60.15	1241	2	1	192	909
Dotruga	Danombi Chejijar	1	37	41	20	24	50	77	96	91	22	53	59	C+	20	56.32	686	1	1	164	1152
Transhimalia	Jojen Bunrakuken	2	97	95	80	37	14	90	41	97	68	15	90	C	20	68.32	-1	3	1	127	615
Blaist_Blaland	Danax Kolau	3	69	69	88	27	84	82	73	46	80	44	65	D+	20	68.67	-1	1	1	137	613
Sagua	Harver Borelli	4	6	11	96	97	8	44	32	33	102	46	88	D	25	64.47	619	1	1	164	715
Ethanthova	Boltway Player #6	5	5	21	60	61	69	49	51	39	58	51	91	C+	28	56.46	591	1	1	243	1145
Auspikitan	Biplatza Ifet	1	58	64	32	31	41	49	90	89	45	50	53	C	28	56.11	97	1	1	166	1161
Lyintaria	Phetdum Khouphongsy	2	93	91	40	37	61	91	79	93	56	40	63	C	20	68.27	-1	1	1	129	618
Transhimalia	Gmii Hlema	3	92	100	61	38	39	90	44	80	99	64	96	D	22	67.82	-1	3	1	141	630
Sagua	Harver Borelli	4	6	11	96	97	8	44	32	33	102	46	88	D	25	64.47	619	1	1	164	715
Ethanthova	Boltway Player #6	5	5	21	60	61	69	49	51	39	58	51	91	C+	28	56.46	591	1	1	243	1145
Barsein Beggars	Player	Position	Layup	Dunk	Jumpshot	3PT	Pass	ShotContest	DefenseIQ	Jumping	Seperation	Durability	Stamina	Development	Age	Overall	Player ID	Years Remaining	Money	Position Rank	League Rank
Pyxanovia	Analu Phommasane	1	56	63	27	29	16	54	52	90	93	57	56	B	19	57.44	-1	1	1	151	1097
Bielosia	Phetdum Somphonpadee	2	103	122	79	80	70	83	58	116	121	31	59	C	28	87.61	600	3	1	78	399
Barsein	Barsein Player #7	3	84	37	94	85	23	43	39	80	11	46	95	C+	28	52.80	146	1	1	283	1382
Dotruga	Carlos Garber	4	61	24	101	106	58	37	86	26	90	52	90	C	25	76.47	885	1	1	106	509
Holy_Yektonisa	Paxathipatai Saenthavisouk	5	57	44	86	45	95	100	52	48	81	30	99	B	21	73.72	-1	1	1	101	548
Auspikitan	Biplatza Ifet	1	58	64	32	31	41	49	90	89	45	50	53	C	28	56.11	97	1	1	166	1161
Darvincia	George	2	53	17	58	61	49	101	7	69	56	49	84	B	25	58.17	936	1	1	207	1051
Dotruga	Sagolna Hersa	3	59	83	77	70	60	71	66	-5	49	50	63	D	24	55.83	856	1	1	239	1173
Dotruga	Alomibamobei Olalomundi	4	50	31	92	79	68	74	60	10	61	67	60	C	20	65.49	750	2	1	157	687
Blaist_Blaland	Kaxnaixfar Toso	5	32	35	92	88	84	67	62	48	69	64	82	C	20	72.52	-1	3	1	102	559
Red_Rainbow	Center #116	1	69	56	31	30	45	62	58	60	56	50	55	C+	28	50.86	516	1	1	273	1477
Lyintaria	Lyintaria Player #7	2	39	62	59	57	49	21	40	59	69	47	100	B+	28	52.39	606	1	1	270	1397
Dotruga	Sagolna Hersa	3	59	83	77	70	60	71	66	-5	49	50	63	D	24	55.83	856	1	1	239	1173
Dotruga	Alomibamobei Olalomundi	4	50	31	92	79	68	74	60	10	61	67	60	C	20	65.49	750	2	1	157	687
Holy_Yektonisa	Maik Thepsenavong	5	50	39	98	36	99	98	65	54	51	78	56	D+	20	70.96	-1	1	1	107	576
Ma-Popá Yiffs	Player	Position	Layup	Dunk	Jumpshot	3PT	Pass	ShotContest	DefenseIQ	Jumping	Seperation	Durability	Stamina	Development	Age	Overall	Player ID	Years Remaining	Money	Position Rank	League Rank
Dtersauuw_Sagua	P'uyo Lek'at	1	46	48	46	12	7	80	56	93	69	29	100	C	20	60.70	-1	3	1	133	886
Futiakep	Paekua Epi	2	100	86	31	30	28	70	54	98	92	52	91	C+	20	66.24	-1	1	1	137	671
Kaeshar	Taneba Vokigei	3	97	92	90	36	29	94	54	94	96	19	52	B	20	70.76	-1	1	1	130	580
Pyxanovia	Height Sagua Player #6	4	16	17	64	58	65	74	77	32	79	46	51	B+	28	63.25	483	1	1	185	756
Tri_National_Dominion	Ingo Nesselrode	5	44	25	84	65	71	73	54	25	64	94	58	B	21	62.63	932	3	1	153	789
Blaist_Blaland	Ixux Zaxau 	1	28	87	17	90	35	66	66	114	39	40	56	D+	22	60.89	1229	1	1	131	881
Auspikitan	Aseqa Tituqu	2	111	110	57	47	31	58	40	97	73	49	77	C	27	62.56	75	3	1	161	798
Other	Jesse Svensson	3	58	79	99	45	76	95	52	48	45	87	92	C+	21	65.83	-1	1	1	148	679
Sagua	Harver Borelli	4	6	11	96	97	8	44	32	33	102	46	88	D	25	64.47	619	1	1	164	715
Dotruga	Xigasiei Atusin	5	12	27	87	91	63	83	26	35	48	46	47	C	27	60.62	622	2	1	181	894
Aahrus	Ogino Yakumo	1	51	42	30	17	12	61	69	94	57	67	51	C+	19	54.06	-1	1	1	201	1296
Aeridani	Kasai Tamuramaro	2	98	93	78	17	34	51	61	93	56	79	68	D+	22	61.11	-1	1	1	170	873
Blaist_Blaland	Autolik Player #10	3	13	24	59	56	23	99	20	94	56	47	102	B	28	58.92	621	1	1	190	982
Blaist_Blaland	Abi Gasbërr	4	17	9	100	101	48	74	32	39	18	50	60	C+	26	59.09	629	1	1	240	954
Bielosia	Keahi Vatthana	5	60	59	68	76	93	58	29	22	47	85	89	D	22	59.70	-1	1	1	201	927
Protopolis Progs	Player	Position	Layup	Dunk	Jumpshot	3PT	Pass	ShotContest	DefenseIQ	Jumping	Seperation	Durability	Stamina	Development	Age	Overall	Player ID	Years Remaining	Money	Position Rank	League Rank
Sagua	Center #132	1	70	85	82	58	60	88	67	91	75	46	80	C	31	74.99	682	1	1	89	529
Barsein	Onishi Yoshiiku 	2	54	59	39	14	31	78	88	73	80	35	69	C	21	64.73	1210	1	1	143	707
Kaeshar	Makiaipisi Finapeke	3	98	96	95	30	88	92	64	54	99	40	94	C	21	76.82	-1	1	1	114	506
Czalliso	hig	4	82	58	126	110	70	54	71	45	90	57	75	C	30	83.61	384	-1	3.1	96	448
Aiyota	Namia Akaleta	5	27	28	87	85	52	78	63	19	72	54	81	C+	26	66.11	601	1	1	135	673
Sagua	Center #132	1	70	85	82	58	60	88	67	91	75	46	80	C	31	74.99	682	1	1	89	529
Aeridani	Ogino Kunimichi	2	55	61	64	65	62	72	40	59	55	64	95	C	26	59.55	634	1	1	178	936
Kaeshar	Makiaipisi Nipta	3	94	93	69	36	66	98	68	92	83	32	87	C+	21	73.84	-1	1	1	121	546
Wyverncliff	Shadd Drake	4	79	89	100	99	23	77	70	23	76	95	81	C+	20	71.06	-1	2	1	120	574
Height_Sagua	Height Sagua Player #2	5	8	35	89	91	62	79	46	26	54	53	104	C	28	66.37	646	1	1	127	662
Transhimalia	Iwayanagi Harumi	1	86	103	30	16	16	54	103	96	48	102	81	C	25	59.64	130	1	1	136	930
Transhimalia	Higashi Kiyohira	2	36	28	57	13	23	31	95	87	59	74	73	D+	22	58.57	-1	1	1	199	1021
Ethanthova	Lee Stidham	3	44	18	103	78	90	88	46	42	90	77	72	D	20	75.57	1195	2	1	117	522
Aeridani	Big G	4	30	5	74	66	57	74	59	35	104	48	53	C+	24	67.66	705	3	1	141	634
Height_Sagua	Height Sagua Player #2	5	8	35	89	91	62	79	46	26	54	53	104	C	28	66.37	646	1	1	127	662
Holylmao Bison	Player	Position	Layup	Dunk	Jumpshot	3PT	Pass	ShotContest	DefenseIQ	Jumping	Seperation	Durability	Stamina	Development	Age	Overall	Player ID	Years Remaining	Money	Position Rank	League Rank
Darvincia	Center #149	1	37	49	27	34	49	91	50	104	22	51	73	C+	28	55.75	877	1	1	176	1181
Ethanthova	Bruce Mack	2	87	109	22	14	18	69	103	120	38	46	82	D+	25	64.58	147	2	1	145	710
Dtersauuw_Sagua	Tsekon Wap't'ebw	3	100	120	108	76	26	107	41	66	87	59	126	C	24	77.00	434	3	1	111	501
Key_to_Don	Mike	4	35	63	142	100	68	62	116	45	43	52	70	C+	28	82.12	1102	2	1	98	463
Height_Sagua	Height Sagua Player #2	5	8	35	89	91	62	79	46	26	54	53	104	C	28	66.37	646	1	1	127	662
Bongatar	Hexar Mann	1	65	85	14	5	8	59	87	77	69	101	88	C	26	55.64	645	1	1	185	1195
Aiyota	Aiyota Player #4	2	76	47	29	28	13	62	50	72	68	51	85	D+	28	53.69	603	1	1	254	1329
Blaist_Blaland	Danax Kolau	3	69	69	88	27	84	82	73	46	80	44	65	D+	20	68.67	-1	1	1	137	613
Wyverncliff	Shadd Drake	4	79	89	100	99	23	77	70	23	76	95	81	C+	20	71.06	-1	2	1	120	574
Transhimalia	Nomura Ieyoshi	5	33	23	71	60	91	53	69	65	39	79	89	C	20	64.31	-1	3	1	145	722
Auspikitan	Kipana Nibrit	1	77	103	11	13	26	71	76	79	58	47	46	C+	20	53.59	116	1	1	218	1335
Aahrus	Yamataka Matsuyo	2	63	68	24	15	31	42	44	91	63	55	61	D	20	50.19	-1	1	1	287	1509
Czalliso	pot	3	47	52	90	57	56	87	93	21	61	42	60	D	22	65.82	-1	1	1	150	683
Aeridani	Big G	4	30	5	74	66	57	74	59	35	104	48	53	C+	24	67.66	705	3	1	141	634
Dotruga	Omumesomobesa Lemrombatdesi	5	53	40	67	74	99	69	50	5	5	54	50	C+	24	56.86	673	1	1	238	1124
Aahrus Goosi	Player	Position	Layup	Dunk	Jumpshot	3PT	Pass	ShotContest	DefenseIQ	Jumping	Seperation	Durability	Stamina	Development	Age	Overall	Player ID	Years Remaining	Money	Position Rank	League Rank
Barsein	Alve Sanraku	1	39	61	43	5	15	68	88	88	36	50	61	B	20	54.86	947	1	1	187	1244
Antarion	Duuśuś Neśom	2	99	98	44	30	58	83	75	93	47	68	94	D+	22	66.44	-1	1	1	136	657
Ethanthova	Takishima Natsuo	3	20	47	82	77	24	13	90	71	81	45	62	C	25	62.30	664	1	1	167	809
Pentadominion	Śonpennneŕgomà O'àpàasà	4	81	90	91	70	56	85	79	25	85	60	78	C	21	72.67	-1	1	1	116	557
Aahrus	Aahrus Player #10	5	44	66	136	126	132	80	55	22	67	45	67	D+	30	89.95	4	-1	9.3	82	388
Czalliso	noe  	1	76	50	14	16	36	86	40	83	63	73	76	C+	19	54.32	1244	1	1	193	1272
Darvincia	Easy	2	42	37	48	49	14	96	61	59	72	54	92	B	27	62.89	666	1	1	156	776
Pyxanovia	Ikaika Tayvihane	3	68	7	88	76	92	19	6	46	79	71	84	B	22	58.54	663	1	1	201	1022
Loviniosa	Phetdum Phanivong	4	56	31	58	57	42	58	60	26	78	49	97	C+	23	57.95	660	1	1	275	1068
Kaeshar	Imuk Poi	5	31	36	72	99	96	43	67	34	83	20	81	C	22	71.16	-1	2	1	105	572
Pyxanovia	Center #166	1	74	39	7	10	58	84	77	73	46	52	52	C+	28	54.04	661	1	1	203	1298
Aahrus	Ogino Emperiok	2	94	97	76	34	32	92	36	97	36	82	84	B	20	62.34	-1	1	1	166	805
Pyxanovia	Ikaika Tayvihane	3	68	7	88	76	92	19	6	46	79	71	84	B	22	58.54	663	1	1	201	1022
Loviniosa	Phetdum Phanivong	4	56	31	58	57	42	58	60	26	78	49	97	C+	23	57.95	660	1	1	275	1068
Aeridani	Himi Danjuro	5	84	83	93	77	65	63	49	64	63	31	91	C	22	67.12	-1	1	1	118	644
Boston Beavers	Player	Position	Layup	Dunk	Jumpshot	3PT	Pass	ShotContest	DefenseIQ	Jumping	Seperation	Durability	Stamina	Development	Age	Overall	Player ID	Years Remaining	Money	Position Rank	League Rank
Sagua	Center #132	1	70	85	82	58	60	88	67	91	75	46	80	C	31	74.99	682	1	1	89	529
Dotruga	Alukeili Asolomundi	2	170	176	159	93	108	161	181	239	134	95	141	B+	30	99.99	676	0	1	2	1
Other	Jesse Svensson	3	58	79	99	45	76	95	52	48	45	87	92	C+	21	65.83	-1	1	1	148	679
Czalliso	ilo	4	83	76	96	51	98	63	54	30	100	85	75	C	22	72.77	-1	3	1	114	555
Ethanthova	Iggy Conway	5	46	25	55	96	93	65	77	32	61	89	78	D+	20	70.00	-1	2	1	112	589
Dotruga	Danombi Chejijar	1	37	41	20	24	50	77	96	91	22	53	59	C+	20	56.32	686	1	1	164	1152
Holykol	dot	2	89	44	18	23	44	98	63	86	48	53	54	C+	25	58.96	675	1	1	188	967
Ethanthova	Takishima Natsuo	3	20	47	82	77	24	13	90	71	81	45	62	C	25	62.30	664	1	1	167	809
Aeridani	Ienaga Yasushi	4	73	67	57	88	80	86	55	23	97	43	52	D+	19	70.60	-1	1	1	122	582
Bielosia	Phetdum Thammavong	5	43	34	72	60	100	31	47	31	98	27	66	D	22	62.73	-1	3	1	152	786
Shmupland	Kwak Minsu	1	96	97	26	21	32	52	59	79	87	62	73	D+	22	57.24	-1	1	1	153	1106
Ethanthova	Stanley Price	2	57	81	42	63	20	39	83	80	49	56	57	D	21	56.12	1251	1	1	226	1159
Ethanthova	Takishima Natsuo	3	20	47	82	77	24	13	90	71	81	45	62	C	25	62.30	664	1	1	167	809
Kaeshar	Imuk Depazeoni	4	54	65	92	41	49	61	54	31	98	72	87	C+	20	64.54	-1	1	1	163	712
Pyxanovia	Meka Bokeo	5	62	57	73	91	94	66	27	12	44	5	92	D	21	62.59	444	3	1	157	794
Rockshaw Rave	Player	Position	Layup	Dunk	Jumpshot	3PT	Pass	ShotContest	DefenseIQ	Jumping	Seperation	Durability	Stamina	Development	Age	Overall	Player ID	Years Remaining	Money	Position Rank	League Rank
Shmupland	Ka Chihu	1	69	62	12	5	11	100	59	99	29	91	79	C	19	53.21	-1	1	1	222	1361
Aeridani	Center #113	2	124	98	43	32	52	64	70	123	63	51	77	B	29	69.61	474	1	1	124	598
Ethanthova	Boltway Player #2	3	66	53	99	57	73	63	91	51	50	52	101	D	30	69.30	274	-1	5	136	607
Solea	kekh lekeŋ	4	82	91	94	74	56	100	65	31	99	99	88	D+	21	77.24	-1	1	1	105	499
Lyintaria	Old Player	5	48	26	85	91	65	56	76	25	55	13	82	C+	34	66.34	45	1	1	131	666
Shmupland	Ka Chihu	1	69	62	12	5	11	100	59	99	29	91	79	C	19	53.21	-1	1	1	222	1361
Wyverncliff	Chip Hancock	2	69	113	29	25	35	106	87	103	28	48	52	D	29	64.36	22	3	1	147	720
Bongatar	Bongatar Player #9	3	10	19	100	102	100	34	34	20	80	49	64	C+	28	65.12	698	2	1	153	702
Pentadominion	Śonpennneŕgomà O'àpàasà	4	81	90	91	70	56	85	79	25	85	60	78	C	21	72.67	-1	1	1	116	557
Lyintaria	Old Player	5	48	26	85	91	65	56	76	25	55	13	82	C+	34	66.34	45	1	1	131	666
Czalliso	fu	1	47	49	18	17	13	58	65	88	59	53	60	D+	20	51.60	-1	1	1	240	1427
Pyxanovia	Keanu Thammavong	2	69	88	41	52	38	56	68	67	54	92	88	C	26	57.32	900	1	1	216	1099
Shmupland	Om Jae-Wook 	3	23	86	39	23	75	68	84	54	50	100	103	C+	19	58.21	1212	1	1	207	1047
Ethanthova	Bransby Vickers	4	66	69	75	52	49	69	97	55	91	34	89	C	20	70.42	-1	1	1	126	587
Auspikitan	Biplatza Gekxakŋi	5	69	20	44	54	94	74	87	96	41	43	56	D+	28	66.98	277	2	1	121	647
Autolik Rebels	Player	Position	Layup	Dunk	Jumpshot	3PT	Pass	ShotContest	DefenseIQ	Jumping	Seperation	Durability	Stamina	Development	Age	Overall	Player ID	Years Remaining	Money	Position Rank	League Rank
Aeridani	Dwab Itsok	1	38	93	19	17	19	95	82	101	56	45	48	D	29	62.01	810	3	1	122	820
Aeridani	Wakayama Higashikuni	2	122	141	73	55	74	130	124	161	112	93	61	B	26	99.99	706	1	1	2	1
Loviniosa	Malo Sayasone	3	53	36	84	75	87	63	39	50	30	54	58	C+	25	57.68	238	1	1	216	1079
Aiyota	Mornay	4	39	53	124	122	84	66	92	52	54	57	59	B	28	84.00	135	1	1	94	437
Auspikitan	Oiŋi Finapeke	5	50	48	67	89	95	72	86	29	85	70	89	D	22	76.44	-1	1	1	100	512
Transhimalia	Iwayanagi Harumi	1	86	103	30	16	16	54	103	96	48	102	81	C	25	59.64	130	1	1	136	930
Height_Sagua	Nopá Kánpovragá	2	100	108	46	52	41	124	77	121	85	53	116	B	30	86.49	123	1	10	83	414
Loviniosa	Malo Sayasone	3	53	36	84	75	87	63	39	50	30	54	58	C+	25	57.68	238	1	1	216	1079
Aeridani	Big G	4	30	5	74	66	57	74	59	35	104	48	53	C+	24	67.66	705	3	1	141	634
Aahrus	Tamatsuki Bunzo	5	23	21	68	80	94	47	90	63	72	73	64	C	20	71.25	-1	1	1	104	571
Transhimalia	Iwayanagi Harumi	1	86	103	30	16	16	54	103	96	48	102	81	C	25	59.64	130	1	1	136	930
Transhimalia	Transhilmalia Player #8	2	121	73	73	55	27	78	58	115	91	54	65	B	31	76.38	859	3	1	109	513
Loviniosa	Malo Sayasone	3	53	36	84	75	87	63	39	50	30	54	58	C+	25	57.68	238	1	1	216	1079
Aahrus	Matsuyama Izo	4	95	90	75	59	49	61	94	31	96	75	60	D+	22	67.93	-1	3	1	138	627
Dtersauuw_Sagua	Ivek'il Wap't'ebw	5	47	25	94	78	88	55	57	14	97	40	87	F+	22	70.95	-1	1	1	108	577
TND Force	Player	Position	Layup	Dunk	Jumpshot	3PT	Pass	ShotContest	DefenseIQ	Jumping	Seperation	Durability	Stamina	Development	Age	Overall	Player ID	Years Remaining	Money	Position Rank	League Rank
Bongatar	Hexar Iode	1	96	92	42	30	24	87	42	92	85	47	69	D+	21	63.42	-1	1	1	113	751
Bielosia	Sathanalat Vatthana 	2	40	45	59	42	51	37	100	69	57	6	97	F+	23	62.44	1250	2	1	164	801
Ethanthova	Eric Gilroy	3	112	113	108	103	84	129	100	34	135	94	85	B	26	99.84	735	3	1	63	282
Blaist_Blaland	Noxku Noxtan	4	100	53	101	102	11	50	61	48	54	61	55	B	26	62.99	349	2	1	193	768
Sagua	Sagua Player #6	5	40	36	93	86	51	79	36	28	69	50	51	C+	28	61.88	708	2	1	162	827
Other	Max Svensson	1	71	79	49	12	38	62	77	98	41	94	84	B	19	58.96	-1	1	1	141	965
Red_Rainbow	Red Rainbow Player #10	2	38	53	49	45	40	25	69	89	45	47	48	B	28	52.60	729	1	1	268	1392
Bielosia	Lani Siphandon	3	74	60	68	29	53	93	69	45	78	75	47	D	19	62.32	-1	2	1	165	807
Solea	Hato Yoshifumi	4	70	17	83	83	38	53	48	24	81	53	57	B	26	61.72	721	3	1	205	833
Blaist_Blaland	Autolik Player #9	5	33	17	65	68	43	69	31	39	47	53	90	D+	28	52.61	730	1	1	291	1390
Pyxanovia	Analu Phommasane	1	56	63	27	29	16	54	52	90	93	57	56	B	19	57.44	-1	1	1	151	1097
Ethanthova	Stanley Price	2	57	81	42	63	20	39	83	80	49	56	57	D	21	56.12	1251	1	1	226	1159
Transhimalia	Hiroshima Shusui	3	53	70	62	56	58	68	32	57	70	53	57	C	25	57.22	722	1	1	226	1109
Holy_Yektonisa	Derto Himei	4	19	28	34	94	92	58	19	75	54	52	48	D+	24	58.01	583	1	1	273	1065
Tri_National_Dominion	Berend Herschlag	5	51	28	31	32	78	60	75	11	53	51	62	D+	20	51.65	727	1	1	297	1425
Bielosia Ghosts	Player	Position	Layup	Dunk	Jumpshot	3PT	Pass	ShotContest	DefenseIQ	Jumping	Seperation	Durability	Stamina	Development	Age	Overall	Player ID	Years Remaining	Money	Position Rank	League Rank
Dotruga	Alomiba Besemosodo	1	58	54	16	21	23	92	43	96	33	90	92	C	20	52.76	-1	1	1	234	1383
Holykol	dot	2	89	44	18	23	44	98	63	86	48	53	54	C+	25	58.96	675	1	1	188	967
Ethanthova	Eric Gilroy	3	112	113	108	103	84	129	100	34	135	94	85	B	26	99.84	735	3	1	63	282
Wyverncliff	Saiki Udo	4	43	46	69	86	46	75	54	8	75	45	48	B	20	61.19	752	3	1	221	858
Ethanthova	Gerard Fowler	5	59	69	100	59	96	67	53	25	52	14	93	B	20	68.06	-1	2	1	115	626
Pyxanovia	Pyxanovia Player #9	1	64	62	33	29	48	67	51	56	44	45	74	B	28	49.12	748	1	1	299	1552
Holykol	dot	2	89	44	18	23	44	98	63	86	48	53	54	C+	25	58.96	675	1	1	188	967
Kaeshar	Taneba Vokigei	3	97	92	90	36	29	94	54	94	96	19	52	B	20	70.76	-1	1	1	130	580
Holy_Yektonisa	Bongatar Player #4	4	21	10	103	104	49	50	25	23	66	47	68	D+	28	63.79	740	2	1	174	739
Czalliso	app	5	15	22	95	58	76	36	58	43	63	22	72	C+	19	60.80	-1	3	1	177	883
Pyxanovia	Pyxanovia Player #9	1	64	62	33	29	48	67	51	56	44	45	74	B	28	49.12	748	1	1	299	1552
Holykol	dot	2	89	44	18	23	44	98	63	86	48	53	54	C+	25	58.96	675	1	1	188	967
Nja	Éxànnecig Qàmiiqè	3	62	62	57	47	59	64	61	66	76	45	76	C	22	62.01	-1	2	1	173	823
Key_to_Don	Dylan Rooney	4	34	27	57	56	64	65	72	24	61	68	91	B+	23	58.93	737	1	1	250	978
Aahrus	Aahrus Player #9	5	20	34	89	85	38	50	53	37	61	52	53	B	28	57.05	745	1	1	236	1121
Hinaika Hurricanes	Player	Position	Layup	Dunk	Jumpshot	3PT	Pass	ShotContest	DefenseIQ	Jumping	Seperation	Durability	Stamina	Development	Age	Overall	Player ID	Years Remaining	Money	Position Rank	League Rank
Shmupland	Kwak Chihu	1	78	76	22	22	58	77	80	91	69	48	94	C	20	65.30	-1	1	1	110	694
Solea	Malo Phoutthasinh	2	25	52	27	32	34	92	26	89	71	47	62	C+	25	57.76	576	1	1	213	1075
Wyverncliff	Kimball Chavarría	3	70	100	82	87	73	118	131	48	75	77	52	C+	24	84.91	751	3	1	92	427
Aeridani	Itso Bigo	4	57	7	87	94	70	9	70	35	102	48	51	C	24	69.24	495	3	1	131	608
Oesa	Hoeki Ulepa	5	13	32	73	67	56	58	63	24	59	46	73	B	24	58.12	756	1	1	221	1053
Lyintaria	Kaili Menorath	1	83	79	40	39	33	56	51	94	91	49	79	D+	22	62.80	-1	1	1	115	783
Height_Sagua	Power Forward #108	2	60	27	38	44	54	36	74	56	41	54	80	B	28	50.29	759	1	1	286	1500
Wyverncliff	Kimball Chavarría	3	70	100	82	87	73	118	131	48	75	77	52	C+	24	84.91	751	3	1	92	427
Dotruga	Alomibamobei Olalomundi	4	50	31	92	79	68	74	60	10	61	67	60	C	20	65.49	750	2	1	157	687
Transhimalia	Isa Isei	5	51	51	54	43	94	72	35	34	60	84	72	D+	21	57.67	-1	1	1	230	1083
Aeridani	Nagasawa Seiho	1	54	77	23	15	53	55	41	100	83	16	68	B	19	57.48	-1	1	1	149	1094
Darvincia	Power Forward #114	2	71	63	53	54	26	35	61	39	29	49	82	C+	28	44.06	763	1	1	334	1751
Dotruga	Ulatrusiei Hisei 	3	37	70	49	91	17	73	70	38	103	83	85	D	24	65.87	1249	2	1	146	677
Wyverncliff	Saiki Udo	4	43	46	69	86	46	75	54	8	75	45	48	B	20	61.19	752	3	1	221	858
Blaist_Blaland	Sovlik Naxki	5	40	41	65	69	67	12	47	44	69	50	104	C	23	54.48	857	1	1	275	1262
Daxanad Soldiers	Player	Position	Layup	Dunk	Jumpshot	3PT	Pass	ShotContest	DefenseIQ	Jumping	Seperation	Durability	Stamina	Development	Age	Overall	Player ID	Years Remaining	Money	Position Rank	League Rank
Dotruga	Himiba Alumosvek	1	98	90	34	19	34	43	82	90	93	75	93	C+	22	64.19	-1	1	1	111	733
Auspikitan	Aseqa Tituqu	2	111	110	57	47	31	58	40	97	73	49	77	C	27	62.56	75	3	1	161	798
Aeridani	Kammuri Taki	3	64	82	91	50	73	87	89	84	49	57	86	D+	21	73.27	-1	1	1	123	553
Ethanthova	William Garber	4	62	83	66	60	46	62	60	63	99	27	87	D+	22	66.80	-1	1	1	149	655
Czalliso	app	5	79	58	74	71	97	94	31	19	52	29	55	C	20	64.71	-1	3	1	142	709
Solea	lagak tepal	1	95	94	32	31	59	44	73	96	68	65	95	C+	19	61.88	-1	3	1	125	831
Lyintaria	Keoki Phothisarath	2	97	96	87	25	38	59	51	65	56	30	72	C	22	58.24	-1	1	1	205	1042
Blaist_Blaland	Iix Noxtan	3	93	85	96	76	24	50	59	60	97	75	57	D+	20	66.87	-1	1	1	145	652
Aiyota	Mungagee	4	88	89	60	91	30	64	75	15	83	66	70	D+	22	63.45	-1	2	1	180	750
Barsein	Barsein Player #2	5	63	36	81	81	49	48	47	29	73	45	96	B	28	59.71	779	1	1	197	923
Bongatar	Bongatar Player #2	1	91	82	34	28	19	76	103	60	46	50	57	D+	28	57.16	272	1	1	155	1112
Lyintaria	Keoki Phothisarath	2	97	96	87	25	38	59	51	65	56	30	72	C	22	58.24	-1	1	1	205	1042
Antarion	Śa'guskeq Càl	3	49	53	50	29	53	53	48	53	95	41	65	C+	21	56.40	-1	1	1	233	1149
Blaist_Blaland	Abi Gasbërr	4	17	9	100	101	48	74	32	39	18	50	60	C+	26	59.09	629	1	1	240	954
Czalliso	app	5	5	7	85	90	81	43	26	20	71	49	61	B	26	59.50	769	1	1	202	938
Kutapi Redwoods	Player	Position	Layup	Dunk	Jumpshot	3PT	Pass	ShotContest	DefenseIQ	Jumping	Seperation	Durability	Stamina	Development	Age	Overall	Player ID	Years Remaining	Money	Position Rank	League Rank
Lyintaria	Kaili Menorath	1	83	79	40	39	33	56	51	94	91	49	79	D+	22	62.80	-1	1	1	115	783
Bielosia	Ikaika Saysamongdy	2	97	97	59	34	58	93	69	70	72	38	92	C+	20	69.63	-1	2	1	122	596
Bielosia	Xaisomboun Tayvihane	3	39	104	62	56	109	90	114	53	87	10	106	C	23	82.55	118	0	3.5	100	460
Aeridani	Lyintaria Player #6	4	54	49	125	142	73	77	88	27	111	55	95	C+	31	96.30	781	2	1	71	327
Blaist_Blaland	Kaxnaixfar Toso	5	32	35	92	88	84	67	62	48	69	64	82	C	20	72.52	-1	3	1	102	559
Barsein	Alve Sanraku	1	39	61	43	5	15	68	88	88	36	50	61	B	20	54.86	947	1	1	187	1244
Aeridani	Nomura Harumi	2	100	94	57	41	45	69	60	92	81	37	73	C	22	68.11	-1	1	1	130	624
Height_Sagua	Height Sagua Player #9	3	89	41	91	60	83	93	49	68	111	62	61	C	30	78.92	780	2	1	103	485
Key_to_Don	Mike	4	35	63	142	100	68	62	116	45	43	52	70	C+	28	82.12	1102	2	1	98	463
Nausicaa	Błá Váva	5	41	37	73	82	66	48	81	15	86	16	56	B	25	64.51	826	3	1	143	713
Darvincia	King	1	37	60	38	42	36	44	80	74	61	51	58	C	28	55.69	787	1	1	180	1189
Shmupland	Chwa Young-Chul	2	92	97	60	26	39	66	68	96	57	38	66	C	22	63.82	-1	3	1	151	737
Bielosia	Koa Soulignavong	3	91	91	65	46	92	83	93	80	80	38	67	D+	20	75.61	-1	1	1	116	521
Tri_National_Dominion	Asser Stengel	4	49	33	68	102	58	73	81	33	72	8	48	B	20	69.39	886	3	1	127	603
Transhimalia	Iwayanagi Kazuo	5	47	24	86	100	92	34	53	22	57	71	95	D+	20	66.40	-1	3	1	124	658
Lyintaria Kool Kats	Player	Position	Layup	Dunk	Jumpshot	3PT	Pass	ShotContest	DefenseIQ	Jumping	Seperation	Durability	Stamina	Development	Age	Overall	Player ID	Years Remaining	Money	Position Rank	League Rank
Dtersauuw_Sagua	P'uyo Unup'a	1	98	91	13	8	33	70	92	90	71	41	91	C	21	62.67	-1	3	1	118	787
Blaist_Blaland	Autanblanaix Auproda 	2	46	64	25	44	29	74	57	67	51	44	72	B	22	53.53	1246	1	1	256	1343
Key_to_Don	Swanano Nonhkwaqan	3	120	60	117	99	96	74	93	96	133	59	94	C+	27	99.99	796	3	1	2	1
Solea	kekh pátélokain	4	77	86	95	85	55	44	97	30	93	29	80	C	21	74.60	-1	1	1	112	536
Lyintaria	Lyintaria Player #11	5	91	38	107	94	135	59	117	21	29	50	65	B	30	84.17	443	1	1.8	91	436
Aeridani	Komatsu Toyozo	1	89	90	48	24	31	54	76	93	32	79	100	C	20	56.60	-1	1	1	161	1139
Solea	kiríl lutnej pitikeš	2	27	46	27	32	22	72	19	81	61	47	100	C	25	51.67	808	1	1	276	1419
Transhimalia	Hiroshima Shusui	3	53	70	62	56	58	68	32	57	70	53	57	C	25	57.22	722	1	1	226	1109
Antarion	Pepi Rrèśʃiin	4	75	91	92	71	38	90	63	37	72	45	78	B	20	68.27	-1	1	1	136	617
Dotruga	Sagotru Vealerko	5	21	36	89	91	88	38	31	44	52	51	46	C+	24	60.38	800	1	1	184	898
Shmupland	Kwak Minsu	1	96	97	26	21	32	52	59	79	87	62	73	D+	22	57.24	-1	1	1	153	1106
Blaist_Blaland	Tansov Liksov	2	90	82	37	43	29	28	91	67	37	46	69	C	23	50.81	797	1	1	284	1483
Transhimalia	Hiroshima Shusui	3	53	70	62	56	58	68	32	57	70	53	57	C	25	57.22	722	1	1	226	1109
Auspikitan	Śonpennneŕgomà Qe	4	78	41	77	89	24	52	73	22	60	13	46	B	24	58.65	802	1	1	261	1008
Shmupland	Sol Kwang-Jo	5	56	16	52	26	65	99	50	75	48	38	72	D+	23	57.84	542	1	1	226	1071
Aovensiiv Atoms	Player	Position	Layup	Dunk	Jumpshot	3PT	Pass	ShotContest	DefenseIQ	Jumping	Seperation	Durability	Stamina	Development	Age	Overall	Player ID	Years Remaining	Money	Position Rank	League Rank
Pyxanovia	Pyxanovia Player #8	1	145	63	74	50	43	89	86	126	31	53	79	C+	31	73.96	811	1	1	96	543
Bielosia	Phetdum Somphonpadee	2	103	122	79	80	70	83	58	116	121	31	59	C	28	87.61	600	3	1	78	399
Dotruga	Atomobei Kerxer	3	125	117	67	67	65	100	80	91	54	20	116	C	26	75.56	180	1	1	119	524
Tri_National_Dominion	Asser Stengel	4	49	33	68	102	58	73	81	33	72	8	48	B	20	69.39	886	3	1	127	603
Height_Sagua	Height Sagua Player #2	5	8	35	89	91	62	79	46	26	54	53	104	C	28	66.37	646	1	1	127	662
Aeridani	Dwab Itsok	1	38	93	19	17	19	95	82	101	56	45	48	D	29	62.01	810	3	1	122	820
Wyverncliff	Daniel Keaton	2	85	96	69	53	35	83	80	100	67	30	88	C+	22	74.62	-1	2	1	115	534
Czalliso	pot	3	98	98	75	28	48	66	100	75	98	53	76	C+	21	71.97	-1	1	1	126	565
Blaist_Blaland	Shooting Guard #157	4	21	47	82	84	36	30	27	56	73	49	77	C	28	58.30	695	1	1	268	1039
Pentadominion	E'àǵay Nùx́iś	5	51	58	66	81	100	61	57	28	43	45	78	D+	23	65.06	-1	2	1	141	704
Bielosia	Center #162	1	41	49	58	60	22	87	62	27	41	48	57	A	22	51.17	990	1	1	255	1450
Blaist_Blaland	Uxnax Sovix 	2	29	18	9	30	65	61	35	82	98	98	103	C+	22	59.63	1228	1	1	176	934
Dotruga	Hivek Gagodo	3	98	99	67	22	52	78	78	52	72	30	94	D+	22	63.19	-1	2	1	161	764
Dtersauuw_Sagua	Shooting Guard #160	4	47	51	55	61	31	39	60	25	51	52	61	C+	28	47.90	824	1	1	353	1613
Wyverncliff	Travis Traenfeglia	5	49	42	59	60	75	45	60	17	81	59	83	B	21	58.93	433	1	1	206	976
Suggionic Infantry	Player	Position	Layup	Dunk	Jumpshot	3PT	Pass	ShotContest	DefenseIQ	Jumping	Seperation	Durability	Stamina	Development	Age	Overall	Player ID	Years Remaining	Money	Position Rank	League Rank
Nja	Màce Nùx́iś	1	98	99	47	22	21	62	49	98	86	38	100	D+	23	63.23	-1	1	1	114	760
Dotruga	Atotra Bexek	2	137	99	54	28	45	74	73	120	81	52	61	C	25	74.25	132	3	1	118	540
Solea	pazek lutep kaghišek	3	62	102	160	131	71	138	74	88	147	54	72	C+	29	99.99	825	1	1	2	1
Holykol	Maik Siharath	4	50	27	60	89	57	61	69	19	62	28	61	B+	23	61.18	680	2	1	224	861
Nausicaa	Błá Váva	5	41	37	73	82	66	48	81	15	86	16	56	B	25	64.51	826	3	1	143	713
Aeridani	Nagasawa Seiho	1	54	77	23	15	53	55	41	100	83	16	68	B	19	57.48	-1	1	1	149	1094
Bielosia	Ikaika Saysamongdy	2	97	97	59	34	58	93	69	70	72	38	92	C+	20	69.63	-1	2	1	122	596
Dotruga	Atomobei Kerxer	3	125	117	67	67	65	100	80	91	54	20	116	C	26	75.56	180	1	1	119	524
Holykol	Maik Siharath	4	50	27	60	89	57	61	69	19	62	28	61	B+	23	61.18	680	2	1	224	861
Auspikitan	Nio Oipa	5	10	26	75	79	65	50	78	6	60	46	79	C+	24	61.66	827	3	1	168	847
Kaeshar	Teva Ainigdine	1	74	68	40	10	31	82	62	87	69	23	84	D	20	61.31	-1	1	1	128	854
Aeridani	Nomura Harumi	2	100	94	57	41	45	69	60	92	81	37	73	C	22	68.11	-1	1	1	130	624
Kaeshar	Makiaipisi Nipta	3	94	93	69	36	66	98	68	92	83	32	87	C+	21	73.84	-1	1	1	121	546
Holykol	Maik Siharath	4	50	27	60	89	57	61	69	19	62	28	61	B+	23	61.18	680	2	1	224	861
Holykol	pot	5	32	27	63	54	89	55	73	31	48	71	73	C+	19	60.80	-1	1	1	177	883
Yuofuan Jaguars	Player	Position	Layup	Dunk	Jumpshot	3PT	Pass	ShotContest	DefenseIQ	Jumping	Seperation	Durability	Stamina	Development	Age	Overall	Player ID	Years Remaining	Money	Position Rank	League Rank
Ethanthova	Grant Miller	1	81	103	23	27	38	64	39	92	77	28	53	C	25	55.76	324	1	1	172	1177
Auspikitan	Itausŋaŋufi Utipŋiqe	2	128	99	98	55	20	100	101	148	107	89	74	C+	29	98.04	841	1	1	63	305
Nja	Éxànnecig Qàmiiqè	3	62	62	57	47	59	64	61	66	76	45	76	C	22	62.01	-1	2	1	173	823
Barsein	Ametsuchi Kamlyn	4	32	19	62	55	57	64	76	5	97	53	48	D+	23	61.15	946	2	1	228	869
Dotruga	Alokeili Hersa	5	32	44	68	93	95	44	61	33	61	84	91	C+	21	67.09	-1	1	1	120	646
Ethanthova	Grant Miller	1	81	103	23	27	38	64	39	92	77	28	53	C	25	55.76	324	1	1	172	1177
Aeridani	Center #113	2	124	98	43	32	52	64	70	123	63	51	77	B	29	69.61	474	1	1	124	598
Other	Jesse Fine	3	62	60	64	20	85	82	80	57	56	41	70	D+	22	62.87	-1	1	1	163	780
Barsein	Ametsuchi Kamlyn	4	32	19	62	55	57	64	76	5	97	53	48	D+	23	61.15	946	2	1	228	869
Dotruga	Danobamobesa Alulomundi	5	68	13	60	43	98	51	41	80	59	63	71	C+	26	60.10	840	3	1	194	913
Ethanthova	Grant Miller	1	81	103	23	27	38	64	39	92	77	28	53	C	25	55.76	324	1	1	172	1177
Kaeshar	Pau Nibrit	2	99	98	64	33	52	36	82	97	65	66	73	D+	20	65.16	-1	1	1	141	700
Darvincia	Small Forward #139	3	67	43	59	56	56	70	42	66	14	47	74	C	28	50.15	846	1	1	299	1510
Shmupland	Ok Sung-Soo	4	68	78	81	45	36	74	55	38	74	80	95	D+	23	60.66	-1	3	1	233	892
Dotruga	Klabo Bexoxek	5	63	18	69	70	83	39	68	34	51	53	82	C	23	61.15	473	3	1	170	865
Shmupland Tyrants	Player	Position	Layup	Dunk	Jumpshot	3PT	Pass	ShotContest	DefenseIQ	Jumping	Seperation	Durability	Stamina	Development	Age	Overall	Player ID	Years Remaining	Money	Position Rank	League Rank
Solea	kalassak vekel álutep	1	120	60	72	57	36	120	51	131	93	68	65	D+	30	83.82	855	0	1	79	442
Aiyota	Munglegarra	2	73	82	47	48	80	97	80	130	72	98	81	C	27	82.05	571	1	1	93	468
Bongatar	Small Forward #115	3	80	123	66	75	53	74	83	80	104	69	100	C	30	78.67	363	-1	2.7	110	492
Ethanthova	Halsten Jöran	4	55	31	127	139	51	22	79	30	119	57	66	C+	27	85.96	862	1	1	90	422
Shmupland	Ji-Min Choi	5	6	37	97	104	89	84	35	36	25	49	50	D+	30	67.27	235	-1	6.4	117	643
Dotruga	Melebin Bexoxek	1	93	94	43	9	44	85	100	99	69	60	64	D	22	69.87	-1	1	1	106	591
Transhimalia	Transhilmalia Player #8	2	121	73	73	55	27	78	58	115	91	54	65	B	31	76.38	859	3	1	109	513
Bielosia	Lani Vatthana	3	61	63	73	39	37	36	83	61	76	25	49	D+	22	57.97	-1	1	1	215	1067
Aeridani	Itso Bigo	4	57	7	87	94	70	9	70	35	102	48	51	C	24	69.24	495	3	1	131	608
Barsein	A'opi Dova'mar'éxànè	5	35	24	36	75	91	29	71	27	65	32	78	C	21	58.23	-1	1	1	220	1044
Pyxanovia	Konala Ketthavong	1	87	93	31	23	54	92	55	94	60	67	72	C+	23	62.44	-1	1	1	121	803
Transhimalia	Transhilmalia Player #8	2	121	73	73	55	27	78	58	115	91	54	65	B	31	76.38	859	3	1	109	513
Dotruga	Sagolna Hersa	3	59	83	77	70	60	71	66	-5	49	50	63	D	24	55.83	856	1	1	239	1173
Aeridani	Itso Bigo	4	57	7	87	94	70	9	70	35	102	48	51	C	24	69.24	495	3	1	131	608
Aiyota	Quartermarra	5	7	33	43	38	72	84	74	8	63	53	67	C	27	57.32	952	1	1	233	1103
Ebetxi Detro	Player	Position	Layup	Dunk	Jumpshot	3PT	Pass	ShotContest	DefenseIQ	Jumping	Seperation	Durability	Stamina	Development	Age	Overall	Player ID	Years Remaining	Money	Position Rank	League Rank
Aeridani	Takamitsu Takeji	1	91	92	51	39	52	77	91	95	69	65	90	C	21	71.78	-1	1	1	102	569
Wyverncliff	Quinten Grabochov	2	85	62	58	15	45	39	46	96	84	41	49	B+	22	59.29	143	1	1	180	945
Dotruga	Ulatrusiei Hisei 	3	37	70	49	91	17	73	70	38	103	83	85	D	24	65.87	1249	2	1	146	677
Blaist_Blaland	Sopratyabla Kipafar	4	91	72	99	52	62	67	55	36	95	88	97	C+	21	70.54	-1	2	1	124	585
Darvincia	Làto Naksik	5	91	50	120	98	125	84	137	98	99	102	73	C+	29	99.99	526	1	1	2	1
Aahrus	Shishido Hirotada	1	91	94	24	6	43	96	85	93	87	56	75	C+	21	69.72	-1	1	1	108	594
Dotruga	Atolep Subeina	2	65	78	42	33	13	87	46	96	72	65	54	C	22	61.90	-1	2	1	167	825
Aahrus	Miyoshi Ton	3	53	67	100	46	58	37	70	85	61	21	58	D	22	63.63	-1	1	1	159	745
Dotruga	Amoda Kixidodotsei	4	55	28	55	79	72	61	84	26	66	41	60	C+	22	63.65	870	2	1	178	743
Lyintaria	Old Player	5	48	26	85	91	65	56	76	25	55	13	82	C+	34	66.34	45	1	1	131	666
Lyintaria	Lae Bouvanaat	1	63	72	52	20	46	51	51	100	81	50	78	C	21	61.68	-1	1	1	127	846
Dotruga	Atolep Subeina	2	65	78	42	33	13	87	46	96	72	65	54	C	22	61.90	-1	2	1	167	825
Pyxanovia	Belangana	3	15	15	23	21	37	84	39	83	95	53	58	B	23	55.46	876	1	1	250	1204
Blaist_Blaland	Uxku Noxkol	4	81	67	99	79	36	52	58	31	74	91	58	C	22	63.97	-1	2	1	172	735
Aiyota	Namia Akaleta	5	27	28	87	85	52	78	63	19	72	54	81	C+	26	66.11	601	1	1	135	673
Errakyva Eruption	Player	Position	Layup	Dunk	Jumpshot	3PT	Pass	ShotContest	DefenseIQ	Jumping	Seperation	Durability	Stamina	Development	Age	Overall	Player ID	Years Remaining	Money	Position Rank	League Rank
Blaist_Blaland	Kinox Sovkol	1	83	64	25	11	39	47	54	97	92	68	99	D+	23	60.18	-1	1	1	135	906
Aeridani	Kasai Tamuramaro	2	98	93	78	17	34	51	61	93	56	79	68	D+	22	61.11	-1	1	1	170	873
Aeridani	Kiro Sensoi	3	28	23	86	87	9	24	100	63	89	45	54	C+	27	64.89	889	2	1	155	705
Dotruga	Carlos Garber	4	61	24	101	106	58	37	86	26	90	52	90	C	25	76.47	885	1	1	106	509
Barsein	Barsein Player #2	5	63	36	81	81	49	48	47	29	73	45	96	B	28	59.71	779	1	1	197	923
Bielosia	Center #162	1	41	49	58	60	22	87	62	27	41	48	57	A	22	51.17	990	1	1	255	1450
Wyverncliff	Irinei Tailor	2	83	22	42	44	45	71	44	76	63	54	53	C+	23	57.06	902	1	1	220	1115
Dotruga	Hivek Gagodo	3	98	99	67	22	52	78	78	52	72	30	94	D+	22	63.19	-1	2	1	161	764
Tri_National_Dominion	Asser Stengel	4	49	33	68	102	58	73	81	33	72	8	48	B	20	69.39	886	3	1	127	603
Barsein	Barsein Player #2	5	63	36	81	81	49	48	47	29	73	45	96	B	28	59.71	779	1	1	197	923
Bielosia	Center #162	1	41	49	58	60	22	87	62	27	41	48	57	A	22	51.17	990	1	1	255	1450
Wyverncliff	Irinei Tailor	2	83	22	42	44	45	71	44	76	63	54	53	C+	23	57.06	902	1	1	220	1115
Transhimalia	Hiroshima Shusui	3	48	69	64	60	55	70	26	56	71	51	64	D+	27	57.51	887	1	1	221	1091
Aahrus	Eto Yasuoka	4	100	99	83	51	27	82	49	24	90	30	98	D	20	63.07	-1	3	1	191	766
Barsein	Barsein Player #2	5	63	36	81	81	49	48	47	29	73	45	96	B	28	59.71	779	1	1	197	923
Detroit Pumps	Player	Position	Layup	Dunk	Jumpshot	3PT	Pass	ShotContest	DefenseIQ	Jumping	Seperation	Durability	Stamina	Development	Age	Overall	Player ID	Years Remaining	Money	Position Rank	League Rank
Solea	kalassak vekel álutep	1	120	60	72	57	36	120	51	131	93	68	65	D+	30	83.82	855	0	1	79	442
Aeridani	Wakayama Higashikuni	2	122	141	73	55	74	130	124	161	112	93	61	B	26	99.99	706	1	1	2	1
Height_Sagua	Height Sagua Player #9	3	89	41	91	60	83	93	49	68	111	62	61	C	30	78.92	780	2	1	103	485
Aiyota	Mornay	4	39	53	124	122	84	66	92	52	54	57	59	B	28	84.00	135	1	1	94	437
Lyintaria	Old Player	5	48	26	85	91	65	56	76	25	55	13	82	C+	34	66.34	45	1	1	131	666
Aeridani	Akamine Yakumo	1	90	121	41	15	46	71	107	104	82	86	82	C+	26	73.67	255	2	1	99	549
Bielosia	Phetdum Phanivong	2	141	89	78	62	102	115	76	140	114	58	89	C	29	99.99	930	1	1	2	1
Aiyota	Aiyota Player #5	3	38	45	90	93	79	91	81	66	64	51	97	D+	29	78.79	244	3	1	107	489
Dotruga	Aiyota Player #9	4	56	42	91	90	81	35	83	34	99	46	60	B	30	75.05	563	2	1	109	526
Blaist_Blaland	Zaxkla Kukroda	5	22	28	58	71	100	75	52	24	58	87	84	C+	22	65.30	-1	2	1	140	695
Solea	lagak tepal	1	95	94	32	31	59	44	73	96	68	65	95	C+	19	61.88	-1	3	1	125	831
Auspikitan	Itausŋaŋufi Utipŋiqe	2	128	99	98	55	20	100	101	148	107	89	74	C+	29	98.04	841	1	1	63	305
Ethanthova	Lee Stidham	3	44	18	103	78	90	88	46	42	90	77	72	D	20	75.57	1195	2	1	117	522
Bielosia	Keon Siyavong	4	44	33	69	93	69	81	48	24	91	66	77	D+	20	70.58	-1	3	1	123	583
Auspikitan	Biplatza Gekxakŋi	5	69	20	44	54	94	74	87	96	41	43	56	D+	28	66.98	277	2	1	121	647
Red-Rainbow Reds	Player	Position	Layup	Dunk	Jumpshot	3PT	Pass	ShotContest	DefenseIQ	Jumping	Seperation	Durability	Stamina	Development	Age	Overall	Player ID	Years Remaining	Money	Position Rank	League Rank
Dtersauuw_Sagua	P'uyo Unup'a	1	98	91	13	8	33	70	92	90	71	41	91	C	21	62.67	-1	3	1	118	787
Ethanthova	Bruce Mack	2	87	109	22	14	18	69	103	120	38	46	82	D+	25	64.58	147	2	1	145	710
Czalliso	pot	3	92	91	64	33	60	91	82	72	89	94	86	C	21	71.86	-1	2	1	128	567
Tri_National_Dominion	Heine Hutto	4	28	33	101	92	54	69	65	22	60	38	57	D+	22	67.57	482	2	1	145	638
Transhimalia	Amari Kiyohira	5	50	43	56	81	48	81	71	95	53	70	95	C+	21	66.39	-1	1	1	126	660
Aeridani	Jote Ávura	1	59	59	30	29	46	49	81	72	45	52	75	B	28	53.16	861	1	1	224	1365
Tri_National_Dominion	TND Player #7	2	77	42	31	32	12	74	66	85	65	48	48	C	28	58.09	916	1	1	209	1057
Blaist_Blaland	Blanox Proki	3	73	96	99	81	44	68	91	47	22	31	100	C+	20	64.36	-1	1	1	157	719
Auspikitan	Śonpennneŕgomà Qe	4	78	41	77	89	24	52	73	22	60	13	46	B	24	58.65	802	1	1	261	1008
Key_to_Don	Key To Don Player #6	5	6	33	39	44	67	82	65	11	56	51	73	B	28	54.92	937	1	1	269	1242
Aeridani	Jote Ávura	1	59	59	30	29	46	49	81	72	45	52	75	B	28	53.16	861	1	1	224	1365
Blaist_Blaland	Blanaxon Player #9	2	49	70	52	47	35	17	61	87	66	53	46	D+	28	53.83	529	1	1	251	1315
Other	Jesse Fine	3	62	60	64	20	85	82	80	57	56	41	70	D+	22	62.87	-1	1	1	163	780
Dotruga	Heine Umlauf	4	69	53	93	83	50	33	52	19	47	58	96	D+	24	58.97	915	1	1	246	962
Barsein	Barsein Player #8	5	38	32	73	67	49	56	74	18	46	53	50	C+	28	55.21	925	1	1	254	1212
Shigua Boots	Player	Position	Layup	Dunk	Jumpshot	3PT	Pass	ShotContest	DefenseIQ	Jumping	Seperation	Durability	Stamina	Development	Age	Overall	Player ID	Years Remaining	Money	Position Rank	League Rank
Darvincia	King	1	37	60	38	42	36	44	80	74	61	51	58	C	28	55.69	787	1	1	180	1189
Bielosia	Phetdum Phanivong	2	141	89	78	62	102	115	76	140	114	58	89	C	29	99.99	930	1	1	2	1
Transhimalia	Rael Akio	3	48	31	99	89	39	36	32	57	72	38	83	C+	19	60.93	-1	2	1	175	878
Kaeshar	Ivi Oipa	4	68	80	96	90	27	72	67	51	100	28	76	B	20	74.37	-1	1	1	113	538
Tri_National_Dominion	Ingo Nesselrode	5	44	25	84	65	71	73	54	25	64	94	58	B	21	62.63	932	3	1	153	789
Darvincia	King	1	37	60	38	42	36	44	80	74	61	51	58	C	28	55.69	787	1	1	180	1189
Aiyota	Munglegarra	2	73	82	47	48	80	97	80	130	72	98	81	C	27	82.05	571	1	1	93	468
Aeridani	Kai Shoraku	3	78	83	51	15	48	86	52	71	71	25	64	C	20	57.47	-1	1	1	224	1096
Czalliso	roe	4	58	56	91	68	81	94	50	61	70	67	67	C	21	72.34	-1	2	1	118	561
Lyintaria	Lae Thepsenavong	5	43	54	78	77	39	72	48	8	91	6	94	D+	25	61.09	931	3	1	174	875
Darvincia	King	1	37	60	38	42	36	44	80	74	61	51	58	C	28	55.69	787	1	1	180	1189
Wyverncliff	Daniel Keaton	2	85	96	69	53	35	83	80	100	67	30	88	C+	22	74.62	-1	2	1	115	534
Height_Sagua	Small Forward #152	3	68	73	84	80	66	18	54	36	41	54	77	C	29	53.64	60	0	1.5	277	1333
Bongatar	Luffy Iode	4	85	80	99	51	30	96	56	29	92	90	84	B	20	68.12	-1	1	1	137	621
Hinaika	Tise Aq'aie	5	31	18	94	39	74	17	73	72	57	7	93	D+	20	59.78	-1	1	1	196	922
Holy Yektonisa Hmongs	Player	Position	Layup	Dunk	Jumpshot	3PT	Pass	ShotContest	DefenseIQ	Jumping	Seperation	Durability	Stamina	Development	Age	Overall	Player ID	Years Remaining	Money	Position Rank	League Rank
Blaist_Blaland	Tanau Krofar	1	92	81	45	24	33	93	94	94	77	77	95	D+	21	73.18	-1	1	1	101	554
Dotruga	Eban Korsobo	2	109	75	63	43	39	95	74	106	79	52	85	D+	27	77.58	407	-1	8.7	106	497
Aiyota	Guooka	3	108	134	146	112	125	103	127	112	131	39	149	C	23	99.99	948	-1	1	2	1
Key_to_Don	Mike	4	35	63	142	100	68	62	116	45	43	52	70	C+	28	82.12	1102	2	1	98	463
Aeridani	Himi Danjuro	5	84	83	93	77	65	63	49	64	63	31	91	C	22	67.12	-1	1	1	118	644
Dotruga	Himiba Alumosvek	1	98	90	34	19	34	43	82	90	93	75	93	C+	22	64.19	-1	1	1	111	733
Barsein	E'àǵay Nnoncàśénreskèc	2	56	49	43	32	80	73	49	71	73	38	99	C	25	62.88	945	2	1	158	778
Shmupland	Ji Gim	3	97	30	76	52	105	98	117	131	49	59	62	C	25	84.36	415	-1	1	95	435
Key_to_Don	Mike	4	35	63	142	100	68	62	116	45	43	52	70	C+	28	82.12	1102	2	1	98	463
Shmupland	No Kwang-Seok	5	63	64	63	62	100	40	82	40	73	82	79	C	22	66.98	-1	3	1	121	647
Wyverncliff	Steve Svensson	1	95	78	43	17	68	70	58	96	70	15	60	C	20	62.73	-1	1	1	117	785
Czalliso	kaf	2	98	98	77	18	43	78	68	86	37	27	90	D+	21	63.62	-1	1	1	153	747
Czalliso	pot	3	92	91	64	33	60	91	82	72	89	94	86	C	21	71.86	-1	2	1	128	567
Blaist_Blaland	Sopratyabla Kipafar	4	91	72	99	52	62	67	55	36	95	88	97	C+	21	70.54	-1	2	1	124	585
Pyxanovia	Aulii Sayasone	5	27	32	52	75	88	71	29	50	92	82	53	C	20	62.97	-1	2	1	150	774
